home_team,home_goals,home_xG,home_posession,home_passing_accuracy,home_shots_on_target,home_shots,home_saves,home_fouls,home_corners,home_crosses,home_touches,home_tackles,home_interceptions,home_aerials_won,home_clearances,home_offsides,home_goal_kicks,home_throw_ins,home_long_balls,away_team,away_goals,away_xG,away_possession,away_passing_accuracy,away_shots_on_target,away_shots,away_saves,away_fouls,away_corners,away_crosses,away_touches,away_tackles,away_interceptions,away_aerials_won,away_clearances,away_offsides,away_goal_kicks,away_throw_ins,away_long_balls
Liverpool,4,1.7,57%,79%,7,15,5,10,11,15,633,24,11,14,5,0,6,18,57,Norwich City,1,1.0,43%,77%,6,13,3,12,2,5,537,17,10,4,31,4,15,27,51
Brighton,3,2.0,48%,82%,6,17,3,16,4,19,672,21,25,14,25,1,4,21,57,Tottenham,0,0.6,52%,81%,3,8,3,10,4,8,700,24,9,10,23,1,7,28,43
Arsenal,1,0.9,52%,76%,2,12,2,16,14,11,606,21,4,14,34,0,11,27,77,Bournemouth,0,0.5,48%,78%,2,10,1,10,5,11,595,20,3,22,36,0,10,17,47
Manchester Utd,1,1.2,55%,79%,4,16,4,24,8,10,594,19,6,9,13,2,8,22,55,Arsenal,1,1.9,45%,75%,5,10,3,13,7,17,522,18,6,8,20,4,11,19,59
Burnley,1,0.7,42%,67%,3,9,2,6,7,10,486,14,9,32,40,5,6,23,67,Everton,0,0.9,58%,75%,2,11,2,11,9,10,608,8,6,33,13,1,8,22,69
Watford,0,1.5,39%,69%,2,8,2,8,7,12,504,19,10,25,34,2,7,16,58,Sheffield Utd,0,0.5,61%,80%,2,9,2,7,7,21,723,22,6,22,32,3,6,23,100
Manchester City,0,1.3,77%,87%,2,18,0,13,9,26,865,13,6,9,11,1,2,26,64,Wolves,2,1.6,23%,67%,2,7,2,18,1,5,383,26,10,12,55,2,11,12,61
West Ham,1,1.3,52%,83%,4,9,1,12,2,17,651,30,5,25,21,2,6,23,56,Crystal Palace,2,2.1,48%,83%,2,6,3,10,2,10,631,13,10,19,25,5,3,19,67
Norwich City,1,3.1,57%,80%,4,22,5,15,10,11,629,21,8,7,26,0,9,15,37,Aston Villa,5,2.9,43%,78%,10,21,3,18,6,12,515,17,9,8,37,1,10,22,71
Liverpool,2,2.8,53%,78%,7,17,0,10,4,13,673,16,7,7,32,3,1,34,79,Leicester City,1,0.1,47%,75%,1,2,6,22,6,12,607,14,9,16,39,2,9,18,63
Leicester City,5,1.1,69%,87%,5,13,0,15,9,21,876,21,10,8,24,0,6,23,45,Newcastle Utd,0,0.2,31%,77%,0,3,1,9,0,6,473,16,8,10,33,1,8,22,40
Everton,1,2.5,37%,80%,6,12,7,9,5,11,495,22,9,14,10,2,11,15,62,Manchester City,3,3.5,63%,90%,10,20,5,10,2,16,780,16,4,14,22,4,5,16,52
Tottenham,2,1.0,41%,80%,4,10,5,4,6,7,521,21,8,21,35,1,8,17,53,Southampton,1,1.6,59%,84%,6,15,2,16,6,16,680,22,3,17,22,1,6,22,49
Wolves,2,1.5,38%,79%,2,7,5,6,1,13,547,21,4,10,44,2,12,15,53,Watford,0,0.9,62%,83%,5,14,1,11,6,18,774,16,7,20,13,1,6,32,58
Leicester City,2,2.2,53%,78%,7,15,0,12,9,14,615,20,5,21,49,3,4,20,78,Sheffield Utd,0,0.2,47%,76%,0,4,5,14,5,13,558,9,6,37,36,4,5,29,66
Leicester City,0,1.4,47%,81%,3,14,1,12,3,13,596,27,8,10,13,2,7,25,57,Manchester Utd,2,1.9,53%,82%,2,6,3,12,3,6,643,21,5,9,15,2,10,18,53
Bournemouth,2,1.9,48%,79%,5,13,4,10,6,9,620,11,11,19,39,1,4,29,65,West Ham,2,1.5,52%,77%,6,17,3,10,6,13,631,23,4,25,19,2,5,13,77
Chelsea,2,3.2,53%,85%,9,23,1,6,5,14,714,19,11,11,14,1,9,19,43,Brighton,0,0.5,47%,82%,1,8,8,19,2,10,656,20,9,13,23,2,5,15,56
Newcastle Utd,1,0.4,25%,67%,2,3,3,14,2,3,404,31,5,16,31,3,8,18,74,Liverpool,3,0.6,75%,88%,6,14,1,5,4,12,941,11,4,20,11,1,2,30,71
Manchester City,5,3.2,73%,90%,9,31,4,7,9,26,848,11,5,9,7,0,4,17,43,Norwich City,0,1.1,27%,69%,4,5,4,6,0,3,371,10,4,6,25,2,23,13,62
Arsenal,3,1.7,50%,82%,4,11,4,11,4,9,577,15,6,18,25,1,7,9,48,Watford,2,3.4,50%,80%,5,18,2,16,8,23,567,11,4,23,12,3,5,23,47
Crystal Palace,1,0.8,48%,78%,2,12,1,12,7,16,590,23,6,22,10,1,4,31,57,Tottenham,1,0.4,52%,81%,2,7,1,17,2,8,646,31,11,18,25,0,12,24,52
Liverpool,5,1.4,51%,80%,7,10,2,12,6,6,714,18,4,17,14,0,9,21,76,Chelsea,3,2.3,49%,83%,5,10,2,14,0,16,713,13,9,18,32,3,5,15,94
Manchester Utd,1,0.7,56%,87%,4,11,2,12,2,8,745,11,8,11,8,3,11,13,51,West Ham,1,1.8,44%,77%,2,11,3,10,3,11,588,21,10,16,17,1,9,19,67
Aston Villa,1,0.6,32%,70%,3,8,0,15,8,10,417,20,5,13,28,1,6,13,55,Arsenal,0,0.7,68%,85%,0,7,2,20,9,21,738,7,2,20,28,1,5,25,46
Everton,1,2.2,69%,87%,5,13,4,14,2,16,862,23,2,22,32,0,5,22,61,Bournemouth,3,1.8,31%,68%,6,12,4,10,5,19,456,18,9,19,16,1,3,22,49
Chelsea,2,1.3,63%,83%,3,11,1,12,3,8,804,33,6,24,27,3,6,26,68,Wolves,0,0.2,37%,70%,1,5,1,18,3,6,527,26,4,23,32,1,7,29,69
Burnley,1,1.8,55%,74%,1,14,2,13,6,24,553,22,5,22,12,2,9,29,73,Brighton,2,1.1,45%,74%,4,15,0,10,7,9,497,10,2,34,40,3,13,18,72
Southampton,3,2.2,72%,84%,3,12,2,10,9,16,817,12,3,13,13,2,4,24,59,Sheffield Utd,1,1.4,28%,63%,3,5,1,16,1,6,390,16,8,17,39,1,8,9,59
West Ham,1,0.7,61%,80%,1,10,3,17,0,11,603,20,4,25,21,0,6,28,64,Aston Villa,1,1.2,39%,69%,4,13,0,15,7,10,408,14,8,16,14,1,8,29,63
Watford,0,0.1,25%,65%,0,2,5,16,0,3,377,17,8,18,23,4,10,15,64,Manchester City,4,3.5,75%,88%,9,25,0,12,8,18,890,21,6,15,15,3,7,9,54
Wolves,2,1.5,53%,80%,5,11,3,12,5,15,605,16,3,20,19,0,4,20,80,Crystal Palace,0,0.3,47%,78%,3,7,3,17,2,12,549,13,3,15,20,1,8,29,61
Sheffield Utd,0,0.5,51%,77%,0,8,1,13,7,17,601,24,2,24,13,1,1,29,84,Everton,1,0.3,49%,77%,2,5,0,19,1,9,592,7,3,31,33,2,9,24,72
Brighton,0,0.6,60%,87%,3,11,1,14,9,7,679,10,5,14,27,1,7,9,42,Newcastle Utd,0,0.7,40%,73%,1,12,3,13,7,13,461,19,5,20,19,1,6,22,58
Tottenham,3,0.5,30%,70%,3,7,6,16,4,5,416,17,9,14,31,4,7,13,61,Leicester City,0,1.7,70%,87%,6,24,1,11,13,18,836,12,5,20,12,0,3,15,43
Bournemouth,0,1.1,44%,56%,3,12,5,14,12,14,479,15,4,33,23,2,4,31,60,Southampton,2,2.1,56%,70%,7,15,3,12,6,5,594,19,5,39,51,1,7,24,74
Norwich City,0,0.3,41%,77%,2,6,7,7,6,1,481,5,3,17,32,1,17,12,80,Burnley,2,1.8,59%,83%,8,23,2,17,8,21,601,13,2,29,14,1,4,21,56
West Ham,3,0.7,39%,62%,4,10,2,12,9,7,461,16,3,39,49,1,13,23,69,Watford,1,1.5,61%,75%,3,14,1,12,3,23,619,15,3,28,23,2,6,31,61
Southampton,1,1.9,67%,80%,4,20,1,8,8,17,765,18,2,19,11,1,6,27,89,Brighton,1,0.8,33%,61%,2,10,2,14,2,9,437,26,6,31,33,2,8,18,68
Everton,1,0.6,55%,82%,1,9,0,16,5,19,592,13,8,22,24,0,9,12,50,Aston Villa,1,1.5,45%,78%,1,16,0,14,5,17,497,13,1,17,19,0,16,17,73
Manchester City,2,0.8,71%,88%,3,8,1,10,3,10,869,13,4,23,41,2,10,5,53,Bournemouth,1,1.7,29%,64%,3,14,1,11,5,10,396,11,7,22,12,2,7,20,55
Newcastle Utd,1,1.1,52%,86%,5,22,2,8,5,11,631,13,8,12,13,0,5,11,61,Tottenham,3,1.3,48%,83%,5,8,4,13,4,7,575,14,3,15,17,1,8,20,51
Burnley,1,1.8,46%,68%,0,8,4,11,3,9,486,12,6,29,23,1,10,23,79,Wolves,1,1.1,54%,75%,5,14,0,10,8,9,556,8,8,19,25,1,6,23,76
Crystal Palace,0,0.8,42%,79%,5,13,3,13,2,9,571,25,7,3,15,1,11,21,53,Manchester Utd,2,1.8,58%,88%,5,17,5,16,6,10,780,16,12,17,18,0,8,14,41
Chelsea,1,2.4,67%,88%,6,22,0,12,8,19,914,13,2,17,9,0,2,17,77,Norwich City,0,0.0,33%,77%,0,2,4,13,1,5,512,17,3,14,18,1,16,14,51
Arsenal,2,1.1,31%,63%,2,3,7,19,2,5,418,19,4,13,31,5,15,14,65,Liverpool,1,2.8,69%,84%,8,24,0,10,13,17,777,10,6,20,8,4,3,25,74
Wolves,3,2.4,56%,86%,7,13,2,10,5,6,688,10,3,8,16,1,6,21,63,Everton,0,0.3,44%,82%,2,6,5,10,2,10,561,15,3,9,27,0,6,14,49
Manchester Utd,2,1.2,46%,81%,4,8,3,18,4,9,604,15,4,20,46,1,5,23,73,Southampton,2,1.6,54%,79%,5,9,2,19,6,12,643,16,5,7,18,0,8,20,61
Tottenham,2,1.5,38%,78%,9,15,3,22,6,7,493,16,4,12,19,2,10,16,69,Arsenal,1,0.8,62%,88%,4,13,6,15,5,12,759,13,3,12,18,0,4,8,42
Bournemouth,4,1.8,44%,72%,3,8,4,15,2,11,572,6,5,19,13,4,5,27,68,Leicester City,1,1.2,56%,78%,5,13,1,15,6,13,703,19,7,21,15,1,7,28,73
Liverpool,1,2.1,71%,85%,9,23,1,9,11,14,817,10,4,10,25,2,4,30,69,Burnley,1,0.8,29%,58%,2,6,8,8,6,10,396,10,10,15,40,3,15,12,86
Aston Villa,2,1.7,46%,73%,9,12,5,27,5,17,457,17,3,16,15,1,9,21,65,Crystal Palace,0,1.3,54%,78%,5,9,7,24,1,18,540,18,3,17,15,0,4,18,42
Sheffield Utd,3,1.9,25%,63%,4,9,4,9,4,11,384,8,7,29,39,1,8,18,59,Chelsea,0,0.9,75%,86%,4,15,1,6,6,23,942,9,5,29,26,0,7,32,79
Brighton,0,0.1,30%,76%,0,3,3,10,2,9,450,14,10,11,17,6,11,10,51,Manchester City,5,5.0,70%,89%,8,26,0,3,7,15,931,20,6,10,14,1,4,20,70
Norwich City,0,0.7,52%,86%,2,11,3,13,1,8,621,17,3,10,16,1,12,16,55,West Ham,4,2.7,48%,83%,7,18,2,10,6,18,586,15,3,12,12,0,10,14,66
Watford,2,3.0,49%,72%,3,15,3,25,2,16,454,13,4,27,22,3,3,29,56,Newcastle Utd,1,1.4,51%,72%,4,8,2,17,4,8,484,17,4,23,30,3,4,16,81
Brighton,1,2.2,44%,74%,2,12,5,8,6,10,544,11,6,11,33,5,8,13,68,Liverpool,3,1.9,56%,79%,8,20,1,18,10,20,646,13,4,16,21,0,7,25,70
Everton,1,1.0,39%,73%,3,11,3,15,3,5,472,12,10,21,28,3,8,13,55,Southampton,1,2.4,61%,82%,4,16,2,15,5,17,652,13,6,15,18,2,6,16,68
Bournemouth,0,1.1,37%,67%,2,9,0,11,8,11,448,18,6,16,24,1,10,22,45,Tottenham,0,0.6,63%,82%,0,9,2,16,12,12,685,18,1,26,52,0,1,17,62
Sheffield Utd,1,0.7,44%,69%,3,7,1,7,6,22,531,13,4,24,16,3,7,33,56,Wolves,0,0.4,56%,80%,1,6,2,10,1,12,694,10,4,19,34,0,11,21,81
Aston Villa,0,0.5,34%,75%,1,9,3,11,3,6,444,10,8,7,17,2,9,21,55,Manchester Utd,3,2.6,66%,88%,5,13,1,17,5,9,764,12,5,15,12,1,9,19,61
Crystal Palace,2,1.4,43%,77%,4,13,3,15,7,14,568,22,8,34,22,1,6,25,64,Chelsea,3,1.9,57%,82%,6,14,1,11,9,9,709,23,11,15,23,0,5,20,64
Arsenal,1,1.7,39%,70%,7,11,4,12,10,11,480,11,7,17,28,4,2,30,65,Leicester City,1,1.7,61%,82%,5,13,6,16,1,16,698,16,2,20,26,1,7,22,70
Watford,2,0.8,43%,74%,4,8,2,15,4,15,505,17,5,29,19,0,9,22,62,Norwich City,1,1.4,57%,82%,3,13,2,17,3,6,654,15,4,17,33,0,8,16,54
Manchester City,5,3.3,74%,92%,10,24,1,13,8,18,970,8,7,15,17,2,0,10,49,Newcastle Utd,0,0.2,26%,73%,1,6,6,9,1,6,402,13,7,5,21,0,9,13,57
Southampton,1,0.8,28%,68%,4,8,6,9,2,5,473,27,9,16,51,2,11,11,60,Manchester City,0,2.9,72%,87%,6,26,3,8,13,29,966,18,7,19,15,3,2,23,72
Tottenham,1,0.6,52%,79%,2,12,3,16,5,7,575,15,5,17,31,2,8,25,47,Everton,0,0.4,48%,79%,3,11,2,19,6,16,547,10,4,24,24,2,9,16,50
Liverpool,2,0.8,70%,84%,4,6,3,20,7,18,797,10,4,10,19,1,4,19,71,Aston Villa,0,0.5,30%,63%,3,9,2,11,5,13,419,14,12,17,32,5,5,23,68
Newcastle Utd,2,1.0,57%,80%,4,11,5,9,6,9,667,21,2,20,22,1,4,16,53,West Ham,2,1.6,43%,76%,7,17,2,11,4,16,529,16,7,25,16,1,7,24,65
Burnley,1,1.5,49%,73%,5,9,2,8,3,8,586,15,1,19,38,2,6,28,81,Sheffield Utd,1,1.3,51%,71%,3,10,4,18,9,21,590,15,2,22,41,1,10,25,82
Manchester Utd,5,2.2,69%,87%,9,17,1,5,8,11,771,14,6,13,12,4,5,13,36,Bournemouth,2,1.2,31%,73%,2,6,5,18,3,7,411,10,7,11,19,4,7,15,44
Wolves,0,0.9,53%,84%,1,10,1,7,3,12,666,13,3,14,13,1,4,27,78,Arsenal,2,1.2,47%,82%,4,8,1,13,5,9,615,27,6,16,38,0,9,11,58
Chelsea,3,2.3,70%,89%,8,20,3,13,5,15,874,14,1,15,21,1,4,17,43,Watford,0,0.4,30%,74%,3,6,6,14,3,7,433,19,7,11,24,2,6,16,53
West Ham,0,1.8,53%,74%,3,22,3,7,10,27,604,13,5,32,19,0,5,28,72,Burnley,1,1.0,47%,74%,4,8,3,9,3,12,580,14,5,27,50,5,10,21,60
Leicester City,3,2.4,53%,83%,3,14,1,20,3,8,682,31,7,18,23,1,5,27,53,Crystal Palace,0,0.5,47%,77%,1,7,0,10,7,8,611,19,5,25,9,1,7,25,63
Manchester City,4,2.7,48%,84%,4,13,3,10,3,7,633,12,4,7,20,3,6,23,61,Liverpool,0,1.3,52%,84%,3,11,2,8,3,14,664,16,10,9,17,2,5,18,66
Sheffield Utd,3,1.6,32%,70%,5,7,1,17,1,11,477,21,5,25,49,2,6,19,89,Tottenham,1,1.0,68%,82%,2,9,2,15,6,17,791,17,6,18,9,1,7,21,73
Arsenal,4,2.1,52%,83%,8,13,3,11,6,17,596,11,6,18,11,0,6,16,42,Norwich City,0,0.2,48%,79%,3,8,4,11,2,1,547,19,3,8,19,2,10,19,58
Bournemouth,1,1.4,55%,82%,1,12,3,12,6,9,630,15,4,21,13,2,4,19,49,Newcastle Utd,4,1.5,45%,77%,7,12,0,12,3,2,540,18,6,17,15,1,10,14,78
Everton,2,1.1,36%,76%,2,6,2,13,3,7,483,20,5,28,29,0,11,21,72,Leicester City,1,1.6,64%,83%,3,15,1,10,5,19,740,17,0,19,9,1,3,24,47
West Ham,3,2.8,31%,72%,4,11,4,10,2,4,422,17,7,24,28,2,8,13,65,Chelsea,2,1.6,70%,87%,5,16,1,9,3,23,801,20,3,18,20,2,5,19,33
Norwich City,0,0.5,58%,85%,1,12,1,13,0,17,728,24,3,8,20,4,6,30,53,Brighton,1,0.5,42%,81%,2,7,1,14,2,9,564,17,3,9,18,0,7,22,52
Brighton,0,0.5,38%,81%,2,9,3,12,4,9,500,16,15,8,11,2,6,14,42,Manchester Utd,3,0.8,62%,88%,6,13,2,10,5,10,748,13,5,5,15,2,9,26,54
Crystal Palace,0,1.1,57%,81%,4,17,3,14,9,20,657,17,4,12,30,0,4,29,57,Burnley,1,0.5,43%,74%,4,8,4,14,1,7,517,19,1,23,32,0,8,20,72
Wolves,1,1.3,54%,81%,2,11,0,16,6,12,585,22,1,15,23,2,1,21,66,Bournemouth,0,0.1,46%,75%,0,4,1,15,4,9,499,21,2,20,17,2,9,26,52
Burnley,1,1.1,54%,70%,4,9,3,17,1,11,564,12,9,32,35,3,7,21,85,Watford,0,0.7,46%,61%,3,10,3,16,7,18,478,12,2,34,30,1,4,38,78
Norwich City,0,0.4,47%,75%,1,8,4,11,6,10,568,16,4,14,21,1,5,23,68,Everton,1,0.8,53%,79%,5,12,1,14,5,14,636,17,8,24,23,1,4,21,68
Southampton,0,0.7,53%,78%,3,12,3,11,4,11,569,16,5,14,17,2,3,29,65,Arsenal,2,2.7,47%,80%,5,10,3,15,6,10,532,10,6,15,31,1,10,22,45
Aston Villa,0,0.3,48%,80%,1,10,1,19,2,9,539,10,2,21,17,0,7,15,67,Wolves,1,0.4,52%,80%,2,9,1,17,2,9,571,10,1,23,12,2,16,19,94
Chelsea,2,3.1,35%,81%,6,14,1,14,5,10,488,9,7,17,21,3,14,6,47,Manchester City,1,0.5,65%,89%,2,10,5,4,7,15,817,10,1,5,12,1,4,16,69
Watford,1,0.4,49%,66%,0,7,4,21,5,19,555,12,9,35,17,1,5,28,84,Southampton,3,1.1,51%,76%,7,11,0,10,2,6,634,18,8,37,73,1,5,30,78
Liverpool,4,2.5,73%,88%,7,21,0,9,6,18,1025,15,4,13,4,0,4,18,70,Crystal Palace,0,0.2,27%,69%,0,3,3,7,0,0,458,21,3,12,20,1,16,14,65
Newcastle Utd,1,0.7,50%,77%,3,13,1,16,6,14,559,6,2,21,64,1,11,17,85,Aston Villa,1,1.1,50%,74%,2,14,2,17,9,20,522,6,3,29,14,0,6,17,50
Tottenham,2,1.6,64%,85%,4,15,2,14,9,11,785,9,1,25,10,3,8,11,47,West Ham,0,0.8,36%,73%,2,10,3,11,4,11,493,16,6,18,22,2,15,10,77
Manchester Utd,3,2.2,68%,91%,7,15,1,11,10,3,858,12,5,15,28,1,7,12,42,Sheffield Utd,0,0.2,32%,79%,1,4,4,11,5,11,456,12,4,7,21,2,6,6,49
Everton,0,1.3,30%,69%,3,9,3,20,1,4,391,20,4,17,31,2,12,22,65,Liverpool,0,0.8,70%,84%,3,10,3,13,6,8,733,20,2,27,11,1,6,27,60
Aston Villa,1,1.1,27%,64%,4,8,3,12,2,8,389,10,6,21,39,0,14,19,62,Chelsea,2,1.3,73%,84%,5,19,3,17,10,24,831,9,2,23,22,0,4,27,69
Leicester City,0,0.6,67%,84%,2,11,1,12,6,13,752,16,6,25,17,0,4,20,54,Brighton,0,1.2,33%,71%,1,9,2,17,7,5,440,18,12,17,28,0,10,20,57
Bournemouth,0,0.8,59%,83%,1,12,0,15,11,6,633,17,4,18,15,1,5,20,39,Crystal Palace,2,0.6,41%,78%,2,7,1,20,4,3,494,20,5,13,37,3,10,16,59
Newcastle Utd,3,1.6,47%,80%,8,12,1,10,2,11,562,13,1,15,16,3,11,21,62,Sheffield Utd,0,0.4,53%,81%,1,6,5,11,4,14,619,15,1,20,18,1,3,20,61
Manchester City,5,3.0,71%,91%,6,18,0,8,3,11,907,10,0,22,9,1,4,16,53,Burnley,0,0.0,29%,77%,0,1,2,11,1,2,407,12,4,12,18,2,12,13,74
Brighton,2,1.0,42%,76%,5,9,5,16,10,14,464,22,8,8,21,0,5,15,32,Arsenal,1,1.3,58%,86%,6,13,3,8,7,9,633,6,4,11,32,4,5,19,37
Watford,1,0.8,33%,62%,4,7,1,17,2,16,432,15,6,15,25,0,12,30,70,Leicester City,1,0.8,67%,78%,2,15,3,12,7,15,720,28,4,18,29,3,6,23,48
West Ham,0,0.3,42%,74%,2,7,4,12,5,14,498,16,3,16,19,0,3,22,59,Wolves,2,0.7,58%,81%,6,10,2,7,7,11,654,18,4,24,23,1,4,26,71
Chelsea,4,1.9,61%,88%,11,18,2,8,6,8,773,17,8,19,17,0,7,18,61,Everton,0,0.6,39%,79%,2,4,7,13,1,7,524,18,5,17,13,1,4,15,50
Manchester City,3,3.3,67%,92%,11,19,0,9,5,8,804,8,6,6,6,1,5,18,48,Arsenal,0,0.2,33%,81%,0,2,8,6,2,7,428,13,12,2,12,5,8,10,34
Leicester City,4,2.3,64%,82%,6,14,1,17,9,16,712,26,7,22,20,3,5,33,63,Aston Villa,0,0.5,36%,68%,1,4,3,13,0,5,455,23,8,15,20,2,10,26,55
Manchester Utd,2,1.4,28%,75%,6,12,4,13,2,7,442,20,10,10,37,1,6,14,59,Manchester City,0,0.6,72%,87%,4,7,4,11,11,15,891,16,7,10,10,2,2,27,67
Norwich City,0,0.8,55%,70%,1,9,5,14,9,5,558,22,2,16,12,2,10,19,77,Southampton,3,1.7,45%,70%,8,22,1,16,7,4,501,25,3,25,22,1,5,27,60
Burnley,1,2.4,46%,72%,7,21,1,19,3,19,578,23,10,28,40,2,5,26,80,Tottenham,1,1.2,54%,75%,1,12,6,14,5,13,659,15,5,23,48,0,9,19,77
Tottenham,1,0.3,40%,73%,3,10,5,22,7,5,525,18,7,18,28,1,7,24,60,Manchester Utd,1,1.7,60%,81%,5,11,2,20,6,11,723,16,12,18,16,3,8,20,36
Aston Villa,0,1.3,46%,79%,6,14,1,13,12,12,536,7,3,24,31,1,4,28,81,Sheffield Utd,0,0.3,54%,78%,1,5,6,18,4,13,613,18,3,35,31,0,10,21,71
Crystal Palace,1,0.6,44%,74%,2,9,3,12,8,10,559,19,18,21,49,1,7,15,65,Watford,0,0.5,56%,74%,3,9,1,19,8,17,615,24,4,29,22,1,6,24,50
Southampton,0,0.4,39%,66%,3,6,5,17,5,14,463,17,12,20,16,0,7,24,56,Newcastle Utd,1,2.8,61%,79%,6,13,3,15,8,9,660,18,4,19,29,2,8,21,60
Arsenal,1,1.1,67%,85%,2,9,5,11,6,13,764,16,10,24,44,2,9,14,65,West Ham,0,1.7,33%,66%,6,14,1,10,7,18,420,13,11,25,22,2,8,20,55
Tottenham,2,1.5,65%,83%,4,13,1,18,4,17,766,23,5,22,23,0,9,23,46,Wolves,3,2.6,35%,75%,4,14,2,15,5,8,491,26,15,15,36,0,5,19,70
Sheffield Utd,1,0.9,43%,70%,3,10,3,12,10,24,547,17,2,19,33,1,9,24,67,Norwich City,0,1.4,57%,81%,3,12,2,11,5,7,705,15,7,27,58,3,5,32,72
Liverpool,2,1.4,73%,84%,6,14,1,9,9,14,880,10,10,23,31,2,4,25,61,Bournemouth,1,1.3,27%,58%,3,6,4,15,4,9,398,16,8,20,34,5,8,16,58
Wolves,0,0.6,43%,77%,1,11,1,5,2,9,621,26,4,15,17,0,9,25,82,Brighton,0,0.3,57%,83%,1,7,1,10,0,12,780,23,11,17,26,0,9,33,69
Everton,1,2.3,45%,71%,5,16,4,12,13,12,509,18,10,16,15,3,7,22,60,Manchester Utd,1,1.0,55%,77%,5,14,4,11,8,8,604,15,9,17,28,1,6,25,50
Newcastle Utd,0,1.1,54%,68%,4,21,1,14,11,14,557,19,0,25,22,2,6,29,66,Burnley,0,0.8,46%,64%,1,8,4,13,7,7,507,21,2,37,26,2,7,28,71
West Ham,3,2.3,35%,60%,7,15,1,10,4,12,449,19,7,36,39,0,6,29,61,Southampton,1,0.9,65%,75%,2,10,4,12,9,16,698,15,8,29,28,1,9,25,64
Watford,3,2.2,31%,64%,5,14,1,9,3,12,451,17,14,22,42,5,13,19,56,Liverpool,0,0.3,69%,82%,1,8,2,8,5,16,830,8,10,18,22,1,7,21,51
Bournemouth,2,1.9,27%,71%,5,9,4,12,4,7,480,10,1,18,53,1,9,17,53,Chelsea,2,1.9,73%,86%,6,23,3,7,14,22,983,23,6,26,34,2,5,22,56
Brighton,0,1.7,64%,83%,8,23,2,8,8,17,720,24,7,26,26,1,3,26,58,Crystal Palace,1,2.1,36%,68%,3,12,8,14,7,3,473,32,9,19,27,3,10,32,48
Norwich City,1,0.8,42%,75%,6,11,4,16,6,8,508,25,9,10,26,2,13,20,60,Leicester City,0,1.2,58%,82%,4,19,5,20,7,15,630,20,12,16,10,0,4,27,52
Wolves,3,2.8,40%,79%,6,18,3,14,4,11,549,31,13,13,29,1,6,25,60,Norwich City,0,0.4,60%,85%,3,6,2,7,1,5,737,20,6,11,22,0,6,27,50
Manchester Utd,3,2.4,57%,80%,7,20,2,7,3,6,718,23,14,17,17,1,5,13,67,Watford,0,0.3,43%,74%,2,7,5,19,5,13,565,18,14,12,10,1,13,22,58
Crystal Palace,1,1.2,45%,76%,9,18,2,16,7,12,546,23,7,23,16,0,6,26,58,Newcastle Utd,0,0.2,55%,77%,2,8,7,14,5,14,616,25,3,11,23,3,11,18,65
Burnley,3,2.8,43%,65%,9,15,4,12,7,15,472,20,7,19,21,1,7,17,72,Bournemouth,0,1.6,57%,77%,4,12,7,11,3,11,602,14,5,20,36,1,5,23,47
Sheffield Utd,1,1.5,66%,77%,3,14,1,4,12,24,731,14,3,25,42,3,4,39,88,Brighton,1,1.0,34%,68%,2,8,2,10,2,4,481,20,8,24,71,2,10,32,53
Leicester City,0,1.1,33%,76%,3,10,5,16,3,8,461,13,9,10,22,1,6,21,51,Manchester City,1,2.2,67%,87%,6,17,3,14,7,8,804,14,8,9,20,1,4,21,53
Arsenal,3,1.2,51%,85%,4,9,3,12,6,9,624,15,6,10,23,2,9,17,47,Everton,2,1.9,49%,83%,5,17,1,14,3,12,579,22,1,16,12,1,6,17,43
Liverpool,3,2.9,68%,82%,7,25,2,5,16,23,814,22,3,21,17,2,2,19,43,West Ham,2,0.7,32%,64%,4,7,4,11,8,14,460,26,9,23,47,2,17,14,66
Southampton,2,2.8,46%,70%,8,28,1,13,9,8,509,23,5,24,21,0,4,25,72,Aston Villa,0,0.5,54%,71%,1,4,6,18,6,9,559,13,3,26,26,2,10,25,73
Chelsea,2,1.6,48%,84%,7,18,3,19,3,6,718,34,8,10,22,1,4,20,64,Tottenham,1,0.4,52%,81%,3,5,5,18,5,5,719,17,4,18,23,0,9,30,56
Aston Villa,2,1.9,55%,76%,4,18,6,15,12,11,650,25,9,16,24,0,6,29,66,Tottenham,3,3.5,45%,77%,9,22,3,12,7,7,574,25,8,15,34,0,6,19,50
Manchester City,2,2.2,78%,89%,6,19,0,5,6,23,1031,13,4,9,32,1,5,17,46,West Ham,0,0.1,22%,70%,0,3,4,9,1,10,393,14,14,11,43,3,9,12,43
Norwich City,0,0.4,36%,73%,1,5,5,5,2,2,526,21,22,9,47,1,8,18,70,Liverpool,1,1.9,64%,82%,6,17,1,11,7,21,769,15,10,11,21,0,5,28,69
Arsenal,4,2.0,68%,88%,6,15,2,17,5,19,767,14,2,14,16,1,3,12,40,Newcastle Utd,0,0.9,32%,79%,2,10,2,13,6,10,416,16,5,16,20,3,13,9,44
Chelsea,0,1.4,61%,84%,0,17,1,14,9,12,752,26,2,13,18,2,6,20,55,Manchester Utd,2,0.8,39%,78%,3,9,0,13,8,9,535,11,9,15,25,0,7,16,44
Wolves,0,0.9,43%,74%,3,15,3,16,7,16,508,26,3,21,11,2,5,36,63,Leicester City,0,0.6,57%,84%,3,9,3,14,0,13,652,23,8,21,24,0,10,20,40
Sheffield Utd,2,1.7,55%,70%,5,16,1,12,8,19,629,18,8,43,16,0,9,40,87,Bournemouth,1,1.3,45%,72%,2,10,3,10,4,9,580,11,5,29,54,1,8,22,60
Southampton,1,0.7,62%,76%,2,10,4,9,4,18,691,14,5,20,25,1,7,42,69,Burnley,2,0.6,38%,62%,6,8,1,13,2,7,475,17,4,16,45,3,5,40,73
Everton,3,2.4,47%,72%,7,14,1,14,4,13,557,32,5,28,22,1,9,28,51,Crystal Palace,1,1.1,53%,75%,2,10,4,14,6,9,595,24,4,26,17,2,6,30,50
Brighton,1,0.7,66%,82%,1,10,2,9,3,24,759,12,3,32,32,3,5,23,64,Watford,1,0.3,34%,66%,3,6,1,14,2,10,451,23,7,18,32,1,11,22,72
Burnley,0,1.9,43%,72%,2,15,2,9,5,20,498,18,5,26,38,4,8,25,62,Arsenal,0,1.0,57%,81%,2,13,2,13,7,14,624,18,2,22,42,1,12,20,63
Manchester Utd,0,0.8,64%,86%,5,15,3,16,4,12,781,17,4,11,18,0,6,26,37,Wolves,0,0.9,36%,78%,3,13,5,16,6,11,513,26,14,10,32,1,7,12,56
Tottenham,2,0.3,33%,73%,3,3,2,9,2,3,477,22,18,6,26,2,6,10,56,Manchester City,0,3.0,67%,87%,3,17,1,16,6,16,833,18,8,13,17,0,1,19,44
Crystal Palace,0,1.1,62%,79%,3,12,3,8,9,16,659,11,4,28,16,1,8,26,60,Sheffield Utd,1,0.6,38%,71%,3,9,3,17,5,8,478,17,5,18,35,0,8,16,70
Newcastle Utd,0,0.7,43%,77%,5,15,4,13,8,16,554,14,11,24,42,3,10,14,51,Norwich City,0,1.4,57%,78%,4,20,5,18,12,14,647,15,8,27,22,0,7,14,53
Leicester City,2,1.6,49%,78%,4,14,1,19,4,9,625,32,3,10,28,1,6,24,65,Chelsea,2,0.4,51%,80%,3,7,2,14,6,11,655,19,5,14,37,1,7,29,63
West Ham,0,0.8,31%,73%,4,7,3,6,3,15,476,16,4,17,22,1,4,22,56,Liverpool,2,2.5,69%,87%,4,12,4,6,7,11,937,15,8,11,12,0,6,18,54
Watford,2,0.6,45%,69%,2,11,2,20,4,7,524,16,9,31,40,0,8,21,64,Everton,3,2.1,55%,74%,5,12,0,14,4,17,601,27,5,31,45,2,9,18,77
West Ham,3,0.9,35%,71%,6,11,4,10,4,17,471,19,13,26,36,2,12,14,64,Brighton,3,2.0,65%,85%,6,19,3,10,6,19,752,21,8,25,44,1,8,20,66
Bournemouth,2,2.2,40%,67%,6,16,4,9,1,11,493,18,6,30,67,1,14,23,75,Aston Villa,1,1.3,60%,75%,5,18,4,17,8,11,621,14,5,22,20,3,6,27,83
Wolves,1,1.6,46%,81%,3,10,4,8,2,21,629,14,5,18,18,2,8,14,82,Liverpool,2,1.5,54%,84%,6,13,2,14,4,7,714,16,5,13,30,0,5,13,55
Liverpool,4,3.2,61%,74%,9,16,4,8,6,11,680,17,3,20,23,2,13,29,84,Southampton,0,1.0,39%,67%,4,18,5,16,11,11,499,21,6,16,31,5,4,14,67
Manchester Utd,0,1.8,70%,85%,7,23,0,11,5,20,855,12,6,38,32,2,2,34,49,Burnley,2,0.6,30%,60%,2,5,7,10,2,7,415,15,17,18,22,2,11,19,74
Leicester City,4,2.8,67%,85%,7,18,1,12,7,17,735,22,4,22,6,2,4,23,52,West Ham,1,1.6,33%,69%,1,5,4,20,8,5,418,16,8,18,25,1,8,23,49
Everton,2,1.6,56%,83%,7,16,0,15,6,15,743,21,10,23,29,1,7,25,73,Newcastle Utd,2,0.8,44%,79%,2,9,5,11,4,8,626,14,17,21,44,0,5,20,56
Sheffield Utd,0,0.8,33%,65%,1,5,3,14,5,8,425,14,7,24,25,3,13,20,72,Manchester City,1,2.9,67%,85%,4,17,1,15,13,11,764,9,9,19,18,1,3,23,55
Aston Villa,2,1.0,64%,79%,5,16,2,14,6,18,738,13,6,34,8,0,2,29,66,Watford,1,1.3,36%,65%,3,8,3,21,3,12,484,26,19,28,36,3,11,24,64
Tottenham,2,1.9,52%,80%,3,14,1,12,7,11,640,13,10,23,13,1,11,25,57,Norwich City,1,1.6,48%,79%,1,11,1,9,3,6,624,20,8,14,20,0,9,18,64
Chelsea,2,2.8,60%,85%,7,18,0,14,18,29,724,23,9,22,24,2,1,20,44,Arsenal,2,0.5,40%,78%,2,2,6,8,5,7,537,16,6,13,35,1,9,23,60
Bournemouth,3,1.6,34%,68%,3,11,6,10,5,8,461,24,14,15,23,2,10,12,58,Brighton,1,1.2,66%,83%,7,21,1,14,8,12,745,17,6,17,21,1,6,33,48
Burnley,2,1.4,44%,72%,5,8,6,16,4,9,557,19,6,30,26,1,6,32,71,Leicester City,1,2.4,56%,79%,7,18,3,10,5,15,672,24,1,26,25,0,7,22,66
Liverpool,2,2.3,53%,78%,5,16,3,9,11,18,673,20,5,15,14,2,8,22,62,Manchester Utd,0,1.2,47%,78%,3,8,2,12,5,13,615,16,7,8,32,3,9,22,37
Crystal Palace,0,0.8,45%,65%,0,7,4,16,0,7,528,18,8,28,28,2,10,39,78,Southampton,2,1.3,55%,72%,6,15,0,13,8,11,621,20,7,27,42,1,8,32,84
Newcastle Utd,1,0.6,31%,65%,2,6,4,13,1,8,461,17,17,25,35,1,11,26,60,Chelsea,0,2.0,69%,83%,4,19,1,15,10,19,810,15,8,17,15,2,5,24,42
Arsenal,1,1.3,60%,81%,4,11,2,11,4,10,717,14,7,18,39,3,6,22,57,Sheffield Utd,1,0.7,40%,69%,3,11,3,18,5,9,497,23,5,23,22,1,11,19,61
Norwich City,1,2.0,65%,83%,3,15,3,9,4,5,760,12,7,21,13,0,4,22,66,Bournemouth,0,0.9,35%,67%,3,7,3,11,5,8,456,15,12,33,19,3,12,17,64
Aston Villa,1,1.0,30%,80%,0,4,4,8,2,4,486,23,10,8,17,1,12,14,51,Manchester City,6,2.5,70%,92%,10,21,0,12,4,14,981,16,4,9,12,0,4,12,41
West Ham,1,1.2,49%,76%,5,13,1,12,7,15,612,21,6,34,17,3,6,25,74,Everton,1,1.2,51%,77%,2,10,4,16,6,14,626,23,8,25,28,1,8,12,60
Manchester City,2,2.1,73%,85%,6,25,2,9,14,40,849,18,7,21,4,0,5,19,47,Crystal Palace,2,0.5,27%,66%,3,5,4,8,2,4,428,25,4,20,44,1,14,10,72
Brighton,1,0.7,55%,80%,2,10,2,13,3,8,670,18,7,18,18,2,9,27,63,Aston Villa,1,0.7,45%,72%,3,8,1,15,4,16,575,31,15,16,17,4,6,27,63
Bournemouth,0,0.3,56%,78%,1,10,2,5,5,15,698,12,7,28,34,0,8,23,59,Watford,3,2.0,44%,72%,5,18,1,19,5,12,569,20,7,40,47,6,11,16,59
Tottenham,0,1.6,33%,76%,4,14,5,9,4,5,523,18,10,10,34,2,7,13,47,Liverpool,1,1.9,67%,87%,6,13,4,8,3,18,909,20,7,12,23,2,8,21,49
Watford,0,1.8,43%,66%,1,14,4,19,3,23,515,26,8,38,18,2,9,22,64,Tottenham,0,1.6,57%,83%,4,17,1,14,3,6,669,21,3,20,55,2,12,17,51
Southampton,2,0.7,56%,71%,5,11,1,15,1,17,581,24,4,22,24,2,8,32,79,Wolves,3,1.7,44%,68%,3,7,3,13,3,8,517,22,8,30,57,2,6,23,76
Everton,1,1.8,52%,77%,6,14,2,8,4,17,652,20,13,15,37,2,10,21,68,Brighton,0,1.2,48%,75%,2,9,5,10,3,13,601,17,5,19,41,2,8,28,85
Manchester Utd,4,2.2,61%,85%,5,12,3,19,4,13,800,24,7,8,11,2,3,22,56,Norwich City,0,0.3,39%,80%,3,8,2,11,2,2,574,25,14,6,26,0,7,16,55
Wolves,1,0.9,65%,84%,3,9,0,16,5,13,713,20,10,16,11,0,5,22,71,Newcastle Utd,1,0.3,35%,73%,1,5,2,14,2,8,452,19,3,18,39,1,9,22,59
Liverpool,2,3.2,74%,90%,7,19,2,6,8,19,1081,12,7,15,21,1,3,17,83,Sheffield Utd,0,0.8,26%,73%,2,3,5,17,4,6,451,15,13,7,44,3,6,14,54
Crystal Palace,1,0.4,43%,71%,2,6,2,15,1,10,519,27,6,13,10,3,4,21,68,Arsenal,1,1.3,57%,79%,4,7,1,24,4,4,650,14,11,9,38,1,10,33,68
Chelsea,3,2.6,65%,85%,7,17,1,8,10,22,721,15,8,17,39,5,4,30,66,Burnley,0,0.4,35%,71%,1,7,5,6,3,8,430,13,8,24,32,6,10,17,62
Leicester City,1,1.0,57%,73%,5,5,6,10,2,10,609,22,8,21,49,3,6,32,58,Southampton,2,2.3,43%,61%,8,16,4,18,4,8,488,24,17,21,34,2,6,34,67
Sheffield Utd,1,1.8,46%,71%,3,13,2,14,7,15,576,18,7,39,36,3,5,22,75,West Ham,0,0.7,54%,74%,2,7,2,7,3,7,661,16,11,38,27,1,14,32,77
Arsenal,2,1.5,49%,84%,4,10,4,15,1,12,669,20,9,9,12,0,8,20,71,Manchester Utd,0,0.8,51%,84%,4,10,2,16,4,9,667,12,13,9,3,0,6,27,31
Norwich City,1,1.6,40%,82%,4,15,2,17,2,7,561,34,8,16,42,2,5,21,54,Crystal Palace,1,1.5,60%,80%,3,13,3,12,5,10,704,14,3,25,10,1,7,35,50
Watford,2,0.9,37%,73%,3,9,3,10,4,6,486,13,14,26,42,1,12,17,61,Wolves,1,1.4,63%,82%,4,15,1,8,7,24,710,21,2,14,15,0,7,11,65
West Ham,4,1.8,42%,77%,6,13,2,4,9,14,587,21,9,13,24,1,2,17,62,Bournemouth,0,0.3,58%,85%,2,3,3,12,2,12,764,25,6,25,19,2,8,19,41
Southampton,1,1.4,42%,65%,3,13,3,24,6,9,540,27,7,22,38,1,5,27,66,Tottenham,0,0.5,58%,74%,3,9,2,9,9,16,680,24,9,20,45,5,5,31,66
Manchester City,2,1.6,65%,91%,7,15,1,11,3,7,912,13,11,15,27,4,4,13,51,Everton,1,1.2,35%,77%,2,7,5,15,6,1,524,14,12,24,12,1,5,18,67
Newcastle Utd,0,0.7,24%,66%,2,6,6,9,4,5,378,18,9,8,19,0,10,22,53,Leicester City,3,1.7,76%,90%,9,16,2,13,5,11,967,16,14,25,22,4,1,20,45
Burnley,1,2.0,62%,79%,1,21,4,14,8,23,670,11,2,31,18,2,5,29,73,Aston Villa,2,0.9,38%,70%,6,11,0,16,4,8,474,15,5,28,42,1,13,17,79
Brighton,1,0.9,48%,78%,5,15,3,9,5,11,666,20,5,19,30,0,8,27,62,Chelsea,1,1.6,52%,80%,4,16,4,17,3,12,713,28,10,16,31,3,7,27,66
Manchester City,2,1.1,71%,90%,4,16,0,8,8,9,975,12,4,14,29,1,8,16,50,Sheffield Utd,0,1.1,29%,72%,0,8,2,8,5,11,450,17,6,11,23,5,8,14,60
Southampton,1,1.4,59%,78%,5,14,2,17,12,17,628,20,17,21,18,2,4,21,44,Crystal Palace,1,0.2,41%,72%,3,5,4,12,4,4,487,17,6,22,37,2,6,22,49
West Ham,1,0.9,43%,73%,4,13,4,23,5,9,528,27,8,17,30,1,3,31,68,Leicester City,2,2.2,57%,82%,6,11,3,4,5,13,684,11,17,14,30,4,7,31,57
Norwich City,2,0.4,42%,69%,2,5,5,16,4,4,550,25,15,12,20,1,7,20,68,Tottenham,2,1.8,58%,80%,6,14,1,10,6,8,724,22,9,19,24,3,4,22,54
Liverpool,1,1.2,63%,84%,3,10,2,8,5,14,768,25,10,20,17,2,10,26,57,Wolves,0,0.6,37%,72%,2,10,2,6,6,10,509,22,12,25,28,5,13,24,71
Burnley,0,0.4,38%,68%,1,8,2,19,5,12,426,11,5,28,24,5,9,18,68,Manchester Utd,2,1.8,62%,81%,4,14,1,11,4,9,634,7,1,22,18,2,9,21,53
Arsenal,1,0.8,42%,80%,2,7,2,16,2,6,574,16,8,21,28,2,8,17,49,Chelsea,2,1.5,58%,83%,4,13,1,20,3,17,725,24,6,17,21,1,6,25,60
Newcastle Utd,1,1.5,43%,72%,5,19,7,13,5,19,488,12,7,44,34,3,6,19,76,Everton,2,3.5,57%,77%,9,21,4,16,8,15,612,16,7,21,37,2,8,18,69
Wolves,3,1.8,62%,87%,8,20,0,8,3,25,698,17,10,25,9,0,6,26,52,Manchester City,2,1.6,38%,77%,2,6,5,14,1,0,473,17,8,10,28,1,11,12,54
Watford,3,2.9,49%,78%,5,19,2,15,6,15,569,19,5,20,37,1,3,19,63,Aston Villa,0,0.5,51%,78%,2,11,3,12,3,17,590,12,2,18,25,4,6,21,56
Brighton,2,1.0,56%,81%,4,16,2,10,9,17,662,24,7,21,9,3,9,24,60,Bournemouth,0,0.6,44%,79%,2,10,2,13,2,6,554,18,8,21,35,0,10,18,45
Leicester City,0,0.1,41%,79%,0,3,2,8,2,6,576,20,8,9,36,6,9,19,49,Liverpool,4,3.1,59%,83%,5,14,0,9,8,14,748,19,5,13,11,3,3,24,65
Tottenham,2,1.5,54%,79%,5,11,4,10,9,11,645,23,10,10,21,5,9,20,47,Brighton,1,0.6,46%,79%,5,11,3,10,2,11,585,22,6,18,28,0,4,17,60
Chelsea,0,0.5,66%,81%,4,10,1,10,8,17,887,28,11,33,37,1,6,33,59,Southampton,2,0.7,34%,66%,3,5,4,13,1,6,552,33,9,26,45,2,7,21,73
Aston Villa,1,0.6,43%,72%,2,11,5,16,5,17,513,14,8,19,21,1,10,22,52,Norwich City,0,1.1,57%,83%,5,16,1,13,8,15,666,11,4,21,38,0,8,19,59
Sheffield Utd,1,2.1,58%,76%,3,16,1,13,9,18,685,20,3,36,35,4,4,24,90,Watford,1,0.7,42%,70%,2,5,3,9,1,7,550,14,7,29,48,1,9,24,79
Bournemouth,1,0.9,38%,77%,6,12,1,7,8,8,513,16,7,11,24,1,11,21,39,Arsenal,1,1.5,62%,86%,2,17,5,16,3,19,751,12,12,17,19,0,7,24,52
Everton,1,1.6,68%,81%,5,21,0,15,10,11,682,6,7,33,33,0,5,32,65,Burnley,0,0.4,32%,61%,0,6,4,15,2,5,393,18,4,36,43,1,8,18,76
Crystal Palace,2,2.0,58%,84%,4,13,1,7,7,11,724,18,10,17,28,1,8,19,45,West Ham,1,0.9,42%,72%,2,10,2,15,6,8,557,26,17,15,26,2,9,20,70
Manchester Utd,4,1.6,73%,91%,10,22,1,11,5,11,945,20,6,13,4,1,7,18,46,Newcastle Utd,1,0.9,27%,73%,2,7,6,9,0,0,417,22,6,14,21,1,12,19,60
Tottenham,0,0.4,46%,77%,1,5,1,11,3,10,601,18,5,17,14,0,6,28,54,Chelsea,2,1.4,54%,81%,2,12,1,12,5,13,707,13,9,14,20,2,4,23,72
Manchester City,3,3.4,62%,90%,11,22,1,16,6,16,819,19,8,9,10,1,7,19,55,Leicester City,1,1.0,38%,79%,2,5,9,10,0,7,539,17,16,9,17,3,8,17,49
Bournemouth,0,0.2,63%,77%,0,3,0,13,4,19,600,12,6,18,43,2,3,24,60,Burnley,1,0.2,37%,59%,1,2,0,22,5,7,383,15,8,18,32,0,10,31,69
Norwich City,1,1.3,52%,81%,6,13,2,8,3,6,579,18,5,17,24,3,4,17,51,Wolves,2,1.3,48%,81%,4,14,4,15,11,12,560,15,3,14,32,2,9,17,68
Brighton,0,0.5,69%,81%,2,9,1,8,4,16,789,14,2,29,10,2,8,27,68,Sheffield Utd,1,1.3,31%,67%,2,7,2,14,3,2,432,21,6,30,36,3,13,19,84
Aston Villa,1,1.0,57%,76%,6,19,5,18,7,16,618,12,8,36,28,2,4,22,55,Southampton,3,3.1,43%,68%,8,17,5,18,5,19,504,17,8,25,34,3,8,21,76
Newcastle Utd,1,0.5,42%,75%,3,8,4,15,4,19,501,27,8,24,22,2,10,18,66,Crystal Palace,0,1.4,58%,83%,4,16,2,11,5,11,655,16,3,18,23,0,8,27,56
Watford,2,1.5,38%,68%,2,10,8,19,3,15,462,20,19,11,22,5,12,21,59,Manchester Utd,0,1.7,63%,83%,8,17,1,11,4,9,698,16,7,30,44,4,4,18,47
Everton,0,0.4,43%,76%,0,9,2,12,5,19,506,20,9,18,18,0,6,26,63,Arsenal,0,0.7,57%,83%,2,6,0,14,4,8,639,21,4,15,25,1,11,30,63
Crystal Palace,1,0.7,34%,73%,4,11,9,10,3,10,489,16,12,24,32,0,4,22,61,Brighton,1,2.3,66%,82%,10,15,3,15,7,24,765,17,4,12,12,1,5,36,61
Chelsea,0,1.5,65%,79%,4,16,1,9,9,24,769,23,5,32,31,3,6,19,61,Bournemouth,1,0.8,35%,63%,2,8,4,14,4,9,492,6,11,21,38,1,7,26,63
Wolves,1,0.8,57%,75%,5,18,3,15,11,23,648,20,5,19,19,0,4,19,77,Tottenham,2,0.9,43%,72%,5,9,4,10,2,9,545,19,6,22,35,1,7,17,64
Arsenal,0,0.4,42%,83%,1,6,3,13,3,15,609,19,9,7,9,2,8,18,48,Manchester City,3,1.8,58%,90%,7,14,1,24,3,7,804,19,6,13,18,1,4,19,45
Manchester Utd,1,1.7,65%,85%,8,24,3,10,6,15,703,18,9,31,43,2,8,28,41,Everton,1,0.3,35%,65%,3,8,7,13,5,11,431,25,8,10,31,3,11,19,68
Burnley,1,1.0,49%,71%,4,7,0,17,4,8,525,18,9,33,39,3,10,17,61,Newcastle Utd,0,0.7,51%,72%,0,9,3,12,3,19,539,19,11,27,25,1,7,18,80
Southampton,0,0.9,56%,73%,2,11,3,11,5,16,649,18,5,33,38,4,4,27,70,West Ham,1,1.0,44%,61%,4,10,2,15,8,12,523,20,6,35,40,2,12,24,90
Leicester City,1,1.3,56%,82%,5,19,2,13,12,12,678,22,11,17,17,0,4,33,44,Norwich City,1,1.7,44%,78%,3,10,4,15,4,6,560,25,10,15,30,1,12,23,61
Sheffield Utd,2,1.4,57%,76%,3,7,0,12,3,30,657,14,3,28,21,3,7,27,97,Aston Villa,0,1.1,43%,70%,0,7,1,9,2,6,551,13,4,32,52,1,11,32,80
Liverpool,2,1.6,68%,82%,6,16,2,10,6,15,814,15,4,24,25,5,7,30,64,Watford,0,1.4,32%,63%,2,8,4,10,3,8,477,26,16,15,35,5,11,15,65
West Ham,1,0.6,35%,77%,5,11,0,15,4,12,513,30,10,8,17,1,3,20,48,Arsenal,3,1.7,65%,87%,3,10,4,6,3,10,830,12,3,19,24,0,8,26,55
Brighton,2,1.0,61%,83%,4,13,3,12,3,10,691,10,6,20,15,1,4,19,64,Wolves,2,1.6,39%,73%,5,13,2,10,4,5,481,15,10,17,8,3,11,21,65
Norwich City,1,0.8,57%,77%,4,14,1,8,9,5,716,18,5,28,23,1,11,21,84,Sheffield Utd,2,0.7,43%,70%,3,9,3,16,1,11,578,19,12,27,33,2,5,27,86
Tottenham,5,2.3,48%,79%,7,13,1,15,1,4,604,18,6,16,47,1,7,15,78,Burnley,0,0.5,52%,78%,1,7,2,11,1,13,629,14,4,19,20,2,5,23,67
Aston Villa,1,1.0,42%,72%,2,15,4,24,8,20,478,14,11,14,20,0,11,20,50,Leicester City,4,4.4,58%,84%,8,24,1,14,5,20,637,18,10,21,35,1,8,14,53
Manchester City,1,2.0,71%,85%,5,22,5,11,16,31,827,20,13,11,9,0,4,25,36,Manchester Utd,2,1.6,29%,75%,6,10,4,12,3,8,443,22,9,13,44,0,14,14,37
Bournemouth,0,0.2,26%,69%,0,4,6,7,1,5,427,14,10,13,41,4,10,15,69,Liverpool,3,2.3,74%,87%,9,21,0,6,3,17,973,12,5,17,18,1,5,25,74
Newcastle Utd,2,1.2,47%,68%,6,12,3,12,3,13,521,14,8,35,28,0,11,30,81,Southampton,1,2.3,53%,75%,4,19,4,18,12,15,586,23,4,38,31,1,5,25,69
Watford,0,1.2,51%,71%,3,13,0,15,6,20,535,15,7,22,31,1,8,27,90,Crystal Palace,0,0.2,49%,74%,0,3,3,17,2,8,533,18,8,19,51,1,7,18,65
Southampton,2,1.1,40%,68%,5,14,2,14,6,13,541,32,10,32,41,3,5,30,76,Norwich City,1,0.8,60%,81%,3,10,3,8,1,4,750,15,10,24,48,1,5,41,67
Arsenal,1,1.0,49%,82%,5,12,7,12,9,16,550,17,5,12,22,7,6,21,46,Brighton,2,2.3,51%,79%,9,20,4,11,9,12,564,16,7,21,23,0,5,16,53
Manchester Utd,2,1.3,47%,76%,6,11,4,9,4,4,596,18,11,13,23,1,5,28,57,Tottenham,1,0.5,53%,78%,5,8,4,9,3,14,665,19,11,16,45,1,6,28,62
Leicester City,2,3.0,61%,84%,3,11,1,13,7,8,741,11,10,27,47,3,8,18,49,Watford,0,0.2,39%,69%,1,4,2,20,2,14,498,14,5,23,33,1,4,27,62
Liverpool,5,2.7,57%,81%,5,11,2,14,5,5,640,19,7,21,43,3,7,23,70,Everton,2,1.5,43%,71%,4,11,0,21,6,18,495,19,9,28,19,2,5,22,55
Sheffield Utd,0,1.3,72%,84%,7,13,2,10,8,24,857,20,2,24,18,3,3,30,67,Newcastle Utd,2,0.8,28%,63%,4,6,7,8,1,5,414,18,6,28,35,2,10,21,67
Chelsea,2,2.1,64%,86%,9,25,2,19,9,13,804,25,3,15,21,0,4,19,33,Aston Villa,1,0.7,36%,77%,3,9,6,11,5,12,539,27,8,20,38,1,8,19,51
Wolves,2,1.6,49%,81%,7,14,3,11,5,15,633,11,11,27,25,3,5,20,66,West Ham,0,0.5,51%,79%,3,6,5,13,4,12,640,19,12,15,19,2,6,18,53
Everton,3,1.7,29%,62%,7,13,3,18,1,8,434,34,15,25,40,2,13,20,74,Chelsea,1,0.9,71%,85%,4,15,4,10,5,20,789,17,7,23,29,3,6,26,60
Burnley,1,0.5,25%,65%,2,4,4,18,3,4,385,16,12,21,23,0,7,21,54,Manchester City,4,1.8,75%,87%,8,17,1,6,6,13,922,13,4,13,14,2,5,21,56
Manchester Utd,2,1.7,62%,83%,6,16,1,19,9,17,680,5,6,14,28,1,7,25,42,Aston Villa,2,1.4,38%,68%,3,9,5,11,9,6,464,21,9,9,24,2,10,15,67
Crystal Palace,1,0.4,32%,70%,2,7,2,7,6,10,415,17,11,13,37,1,12,20,59,Bournemouth,0,0.3,68%,86%,2,6,1,17,10,13,726,25,6,26,50,0,6,18,50
Wolves,1,1.2,58%,81%,4,13,3,13,7,19,681,15,6,27,28,1,5,18,62,Sheffield Utd,1,1.0,42%,74%,4,10,3,19,2,17,537,20,15,24,40,3,5,21,67
Norwich City,2,1.3,40%,80%,8,15,4,9,7,5,534,18,13,15,36,1,3,14,40,Arsenal,2,2.0,60%,82%,5,15,5,14,12,18,705,17,10,11,12,0,7,28,56
Southampton,2,1.4,63%,79%,5,11,2,7,6,17,734,17,9,13,36,2,3,41,57,Watford,1,0.7,37%,65%,3,6,2,13,7,13,486,19,4,20,47,3,7,26,59
Chelsea,0,2.0,65%,86%,5,19,3,3,9,23,853,8,11,18,21,4,5,27,44,West Ham,1,0.8,35%,72%,4,5,5,23,3,9,509,23,9,19,37,0,11,13,70
Leicester City,2,2.6,70%,83%,6,14,2,8,4,13,801,18,9,22,25,1,6,23,63,Everton,1,0.9,30%,68%,3,11,4,10,4,11,443,21,11,17,49,3,10,19,63
Burnley,0,1.5,44%,67%,3,15,0,15,5,9,514,24,5,33,30,1,7,23,84,Crystal Palace,2,0.8,56%,75%,2,7,3,11,6,5,630,13,8,31,34,1,8,25,64
Liverpool,2,1.9,43%,80%,7,15,5,2,4,10,588,15,15,7,19,1,7,16,75,Brighton,1,1.0,57%,83%,6,12,5,11,5,11,727,12,6,10,23,7,3,29,58
Tottenham,3,2.8,52%,80%,5,14,4,11,4,9,645,22,15,25,33,1,10,9,63,Bournemouth,2,1.4,48%,76%,6,19,2,15,8,13,576,8,15,13,12,0,8,20,54
Newcastle Utd,2,0.3,24%,59%,3,6,5,6,1,10,405,20,12,17,48,3,10,22,60,Manchester City,2,2.6,76%,86%,7,24,1,7,10,19,916,12,9,18,13,3,5,22,45
Sheffield Utd,3,1.4,41%,69%,8,12,2,15,6,14,540,15,9,21,36,3,5,22,70,Manchester Utd,3,1.4,59%,82%,5,11,5,11,3,7,737,7,7,26,34,1,7,25,55
Aston Villa,2,1.8,61%,83%,8,17,5,11,11,15,649,19,3,15,27,1,5,17,54,Newcastle Utd,0,0.6,39%,75%,5,11,6,10,6,13,463,13,10,16,31,2,10,24,63
Crystal Palace,1,1.0,41%,74%,6,16,2,10,9,12,514,13,6,18,43,3,7,21,62,Liverpool,2,1.4,59%,81%,4,11,5,9,8,9,662,23,3,19,39,0,9,27,60
Manchester City,2,1.1,47%,84%,4,15,1,10,8,15,684,14,7,15,16,3,10,20,45,Chelsea,1,1.1,53%,88%,2,11,2,11,2,8,770,24,9,5,21,4,11,10,44
Brighton,0,0.8,54%,81%,0,7,7,10,6,14,612,10,3,10,14,2,7,33,49,Leicester City,2,3.4,46%,82%,8,18,0,4,7,10,566,16,12,10,30,1,7,15,55
Everton,0,0.8,56%,75%,7,18,3,14,7,24,593,27,6,23,36,0,5,34,75,Norwich City,2,1.8,44%,70%,5,13,7,11,7,6,499,21,11,23,35,0,11,22,67
Watford,0,1.0,64%,75%,4,15,2,14,7,24,564,12,2,28,41,2,3,27,62,Burnley,3,2.3,36%,64%,4,11,3,14,5,8,389,6,5,17,58,2,9,15,72
Bournemouth,1,0.5,47%,80%,2,8,5,12,5,10,572,8,3,17,24,0,6,21,56,Wolves,2,1.4,53%,86%,7,17,1,13,9,17,665,13,6,22,46,4,6,20,70
West Ham,2,0.7,48%,76%,5,12,4,13,3,12,549,23,10,22,11,4,4,27,61,Tottenham,3,1.6,52%,80%,7,15,3,18,6,9,607,20,5,30,24,6,7,12,55
Arsenal,2,2.0,60%,81%,5,12,2,19,6,22,666,20,14,15,31,1,14,23,36,Southampton,2,2.8,40%,74%,4,20,3,24,8,11,493,24,10,7,25,1,3,20,50
Wolves,2,1.9,49%,79%,5,17,3,19,6,8,526,19,6,20,33,0,6,19,69,Aston Villa,1,0.7,51%,76%,4,13,3,12,3,20,539,24,9,12,15,1,10,21,54
Leicester City,2,1.6,50%,87%,7,19,1,12,5,11,625,18,8,9,23,1,5,26,27,Arsenal,0,0.8,50%,82%,1,8,5,16,4,12,598,22,4,4,12,2,11,19,53
Southampton,1,0.9,46%,72%,3,4,3,13,5,7,504,18,10,20,35,3,12,22,51,Everton,2,1.9,54%,74%,5,24,2,14,9,12,559,26,5,30,29,0,7,28,67
Tottenham,1,1.1,60%,83%,5,17,3,7,4,9,749,20,5,18,25,1,10,27,52,Sheffield Utd,1,1.0,40%,75%,4,14,4,13,4,12,552,26,9,13,35,6,11,21,70
Newcastle Utd,2,3.0,34%,69%,9,20,2,12,5,8,435,18,2,19,39,4,7,21,65,Bournemouth,1,2.3,66%,85%,3,15,7,7,4,21,722,13,8,17,39,1,5,25,55
Liverpool,3,1.0,45%,77%,5,12,2,14,4,10,568,15,5,13,24,3,10,20,70,Manchester City,1,1.3,55%,80%,3,18,2,4,13,23,664,20,1,17,29,5,6,17,55
Manchester Utd,3,2.2,44%,79%,10,21,1,10,5,11,521,22,15,10,12,0,6,14,41,Brighton,1,0.9,56%,79%,2,5,8,16,2,9,626,27,8,10,16,4,8,25,50
Burnley,3,1.6,40%,67%,11,14,4,18,11,13,462,9,7,29,43,7,6,19,69,West Ham,0,0.4,60%,75%,4,7,9,11,4,13,599,13,6,24,25,0,6,20,80
West Ham,2,1.9,70%,83%,6,16,6,10,7,22,738,10,5,14,10,1,3,32,46,Newcastle Utd,3,1.5,30%,65%,9,12,4,9,3,8,405,15,16,13,47,3,11,8,69
Aston Villa,1,0.7,28%,57%,2,5,4,14,2,11,419,24,8,18,53,2,18,22,72,Liverpool,2,2.6,72%,83%,6,25,1,10,10,22,835,18,6,25,38,2,4,31,58
Watford,1,1.4,34%,79%,2,11,7,11,1,9,522,19,10,12,16,0,6,16,51,Chelsea,2,2.6,66%,89%,10,16,2,7,6,7,933,19,7,10,19,0,8,18,57
Arsenal,1,1.1,58%,83%,4,10,7,8,8,18,714,17,6,5,27,2,5,20,42,Wolves,1,1.5,42%,77%,8,25,3,20,9,16,560,18,7,16,36,2,8,22,56
Chelsea,2,2.5,61%,86%,6,22,1,12,7,11,724,19,11,14,12,1,7,23,52,Crystal Palace,0,0.2,39%,80%,1,3,4,17,0,6,525,23,7,13,34,0,12,17,51
Everton,1,0.8,46%,77%,3,7,1,8,5,18,535,29,6,19,24,2,5,26,74,Tottenham,1,0.5,54%,78%,2,4,2,10,2,6,606,26,8,16,26,2,11,33,56
Crystal Palace,0,0.4,44%,76%,3,12,3,16,5,7,494,18,1,13,24,1,5,30,48,Leicester City,2,1.4,56%,81%,5,14,3,17,6,11,590,20,9,20,30,1,7,21,53
Brighton,2,2.3,58%,84%,5,20,0,11,8,19,686,18,10,7,21,3,4,17,55,Norwich City,0,0.4,42%,79%,0,7,3,11,3,0,522,19,8,3,19,1,15,18,46
Norwich City,0,0.8,66%,85%,5,17,0,12,10,20,773,21,6,9,8,1,9,23,47,Watford,2,0.8,34%,74%,2,12,5,16,4,7,473,28,10,11,38,0,8,13,57
Manchester City,2,3.1,75%,83%,4,26,2,13,16,37,844,11,4,21,13,3,2,35,60,Southampton,1,0.7,25%,63%,3,3,2,10,0,3,428,26,8,19,64,0,13,13,65
Liverpool,2,2.5,66%,83%,12,20,3,11,8,26,792,24,7,20,29,0,9,22,69,Tottenham,1,1.4,34%,67%,4,11,11,12,3,7,472,18,2,13,46,4,8,23,57
Bournemouth,1,1.7,43%,72%,6,12,4,17,4,10,540,15,14,14,41,2,8,22,68,Manchester Utd,0,0.7,57%,76%,4,15,5,13,10,10,655,19,8,10,23,4,7,27,62
Newcastle Utd,1,0.7,44%,79%,2,13,4,9,3,15,560,16,9,30,28,1,8,21,51,Wolves,1,1.0,57%,83%,5,14,1,18,6,17,688,19,10,24,25,2,8,18,49
Arsenal,2,1.7,55%,82%,6,15,2,19,12,17,573,19,6,13,37,1,4,22,51,Crystal Palace,2,1.7,45%,76%,3,9,4,9,5,12,499,16,7,26,29,1,12,13,64
Sheffield Utd,3,2.1,44%,69%,5,13,1,10,7,13,518,20,7,31,50,1,7,21,75,Burnley,0,0.8,56%,74%,1,6,2,13,6,7,608,7,2,36,30,0,10,28,85
Norwich City,1,1.0,46%,81%,3,10,6,19,1,9,573,28,8,3,17,1,8,20,41,Manchester Utd,3,4.1,54%,82%,9,19,2,11,10,8,648,27,8,5,15,0,5,21,55
Burnley,2,2.2,37%,73%,5,13,3,10,5,12,537,14,8,16,34,1,3,13,79,Chelsea,4,1.0,63%,85%,7,16,3,10,6,10,835,13,7,17,38,0,11,22,58
Brighton,3,1.3,55%,81%,3,7,5,15,0,11,679,17,7,9,16,3,7,22,44,Everton,2,0.7,45%,80%,6,10,2,15,5,6,574,16,16,11,19,2,5,25,53
Watford,0,0.8,40%,73%,3,7,5,17,5,13,492,16,5,10,28,5,4,18,58,Bournemouth,0,1.1,60%,82%,5,15,3,10,10,10,670,18,6,13,20,3,7,18,53
West Ham,1,2.0,61%,76%,4,12,3,11,10,19,676,12,8,18,14,3,3,25,77,Sheffield Utd,1,1.7,39%,72%,4,11,3,11,4,10,507,8,4,21,48,4,7,20,70
Manchester City,3,2.4,64%,87%,10,26,4,11,13,15,742,14,6,15,13,1,4,16,44,Aston Villa,0,0.9,36%,79%,5,11,7,6,7,11,490,8,11,3,34,2,12,14,51
Southampton,0,0.4,29%,62%,3,6,7,6,2,4,423,29,16,11,18,1,6,23,59,Leicester City,9,3.7,71%,87%,15,23,3,14,7,19,855,26,5,11,23,0,7,24,50
Sheffield Utd,1,1.0,33%,73%,2,8,3,13,7,12,470,20,16,23,38,1,4,27,62,Arsenal,0,0.8,67%,85%,3,9,1,14,12,18,773,17,5,14,22,1,7,24,68
Crystal Palace,0,0.5,29%,74%,2,7,7,10,1,7,435,16,16,13,26,3,11,13,60,Manchester City,2,2.2,71%,87%,9,21,1,12,8,19,833,14,9,21,26,2,5,21,57
Manchester Utd,1,0.7,34%,67%,2,7,3,8,3,12,477,15,16,8,42,4,8,33,62,Liverpool,1,1.1,66%,85%,4,10,1,15,1,18,799,22,9,22,41,1,4,18,49
Wolves,1,0.9,57%,79%,0,3,4,11,1,10,627,12,3,22,20,1,9,28,58,Southampton,1,1.6,43%,76%,5,14,0,18,3,7,526,16,11,19,37,2,7,16,60
Leicester City,2,1.4,62%,84%,3,19,3,4,9,9,706,22,9,22,32,2,6,23,48,Burnley,1,1.4,38%,74%,4,13,1,12,4,8,479,16,8,26,29,3,10,35,44
Aston Villa,2,2.7,49%,81%,8,23,5,9,7,23,606,7,7,6,17,1,9,15,44,Brighton,1,1.2,51%,83%,6,20,6,20,5,15,620,10,12,16,26,0,12,12,47
Tottenham,1,1.0,69%,84%,3,12,1,6,11,24,848,14,10,17,29,5,4,30,43,Watford,1,0.8,31%,69%,2,7,1,9,2,2,475,23,12,16,59,1,8,15,76
Chelsea,1,1.9,71%,85%,7,16,0,9,11,12,798,21,3,14,40,1,5,29,47,Newcastle Utd,0,0.3,29%,69%,0,5,6,13,0,10,409,15,13,10,38,1,11,15,52
Bournemouth,0,0.6,48%,76%,2,11,1,11,6,18,579,12,8,19,23,2,6,28,54,Norwich City,0,0.4,52%,82%,1,10,2,12,7,9,635,11,7,23,43,2,11,22,68
Newcastle Utd,1,0.5,32%,71%,1,12,2,13,4,6,399,18,9,19,22,1,10,19,64,Manchester Utd,0,0.6,68%,84%,2,12,0,13,6,16,716,15,4,21,15,2,8,27,51
Everton,2,2.1,52%,71%,10,18,4,16,11,17,549,26,12,23,17,9,7,18,63,West Ham,0,0.9,48%,73%,4,9,8,16,2,5,549,16,8,21,30,4,6,29,65
Southampton,1,1.0,42%,72%,2,10,3,12,3,4,542,20,6,14,45,1,5,21,73,Chelsea,4,1.9,58%,77%,7,14,1,15,4,9,681,27,9,26,40,0,7,33,63
Aston Villa,2,0.8,61%,77%,3,16,1,10,7,18,585,16,8,18,18,2,9,24,56,Burnley,2,1.5,39%,66%,3,10,1,18,3,4,409,18,8,21,21,0,13,21,71
Sheffield Utd,0,1.3,30%,71%,2,12,3,9,6,10,442,14,11,18,35,0,12,24,64,Liverpool,1,1.9,70%,85%,4,16,2,4,5,9,852,15,4,27,37,1,9,23,76
Crystal Palace,2,1.5,45%,79%,2,14,3,17,5,15,576,20,2,16,13,2,7,24,58,Norwich City,0,0.5,55%,82%,3,10,1,11,5,6,676,20,7,9,20,1,8,21,60
Chelsea,1,1.2,55%,77%,2,13,1,10,6,25,664,13,5,19,14,7,5,32,69,Liverpool,2,0.9,45%,73%,3,6,1,12,3,13,562,9,7,16,44,1,11,30,67
Arsenal,3,2.4,59%,83%,4,20,7,13,9,17,604,18,7,6,17,2,8,16,48,Aston Villa,2,1.1,41%,78%,9,14,2,15,4,23,470,18,9,7,27,0,12,8,48
Crystal Palace,1,0.9,51%,79%,4,13,3,7,6,9,630,25,11,19,15,1,6,32,54,Wolves,1,0.9,49%,77%,4,13,4,9,7,16,603,30,21,18,16,0,9,20,55
West Ham,2,0.5,48%,77%,6,8,4,9,3,11,578,16,8,18,22,2,6,33,64,Manchester Utd,0,1.0,52%,80%,4,10,4,12,7,11,621,15,7,16,26,1,10,21,44
Newcastle Utd,0,1.0,30%,70%,4,11,2,13,5,12,434,25,9,15,26,0,10,18,53,Brighton,0,1.0,70%,88%,2,16,4,10,3,17,865,15,7,16,22,3,8,21,56
Everton,0,0.9,70%,81%,3,16,0,10,12,24,719,14,5,18,29,1,5,37,72,Sheffield Utd,2,0.2,30%,62%,1,2,3,10,3,8,411,22,5,23,76,1,14,22,69
Manchester City,8,5.8,68%,89%,11,27,4,5,5,17,869,21,3,11,9,2,1,20,45,Watford,0,0.3,32%,78%,4,5,4,12,4,2,457,14,7,4,21,1,9,16,56
Leicester City,2,1.5,44%,75%,7,16,4,19,8,9,552,24,7,12,41,3,9,15,67,Tottenham,1,1.2,56%,79%,5,11,5,16,2,18,659,18,4,10,31,3,11,21,47
Burnley,2,1.5,42%,74%,6,13,2,12,7,17,520,19,10,18,15,1,7,24,61,Norwich City,0,0.6,58%,81%,2,11,4,11,3,8,657,23,2,12,16,0,8,20,62
Brighton,1,0.9,64%,76%,5,14,0,16,3,22,669,22,7,25,18,2,8,33,62,Burnley,1,0.6,36%,63%,1,7,4,10,6,10,458,18,6,20,41,2,12,31,69
Aston Villa,0,1.0,47%,78%,4,10,1,14,2,13,560,19,3,15,19,2,8,16,41,West Ham,0,0.5,53%,82%,1,13,4,13,4,15,628,22,5,20,18,2,8,27,62
Watford,2,2.8,51%,87%,9,30,2,17,7,17,617,20,8,7,18,1,6,9,34,Arsenal,2,0.9,49%,85%,4,7,8,8,1,5,587,11,8,6,15,0,16,14,41
Sheffield Utd,0,1.9,49%,70%,4,17,6,13,12,15,598,20,5,13,23,3,6,27,68,Southampton,1,1.3,51%,77%,7,12,4,8,6,6,642,12,6,17,41,1,10,23,59
Tottenham,4,1.0,65%,88%,5,14,7,18,4,16,761,13,9,13,20,1,0,22,47,Crystal Palace,0,0.7,35%,77%,7,11,2,12,3,6,473,14,15,10,21,0,11,16,47
Southampton,1,2.2,65%,78%,6,24,0,15,4,20,727,33,14,23,36,1,6,34,70,Bournemouth,3,1.2,35%,64%,3,6,6,11,5,3,473,12,6,24,55,2,15,22,66
Bournemouth,3,1.5,42%,68%,5,16,4,5,6,6,515,15,13,22,34,4,13,23,53,Everton,1,1.4,58%,76%,5,14,2,15,7,17,650,21,9,23,33,0,3,28,70
Wolves,2,1.6,46%,77%,4,11,1,9,7,14,597,21,3,14,16,1,10,30,52,Chelsea,5,1.9,54%,86%,6,15,3,14,5,11,734,21,13,20,41,1,7,26,52
Norwich City,3,1.5,31%,74%,3,7,6,14,3,2,471,17,8,9,48,1,12,15,62,Manchester City,2,2.2,69%,85%,8,26,0,8,16,17,819,14,9,15,12,0,2,16,42
Manchester Utd,1,1.0,43%,76%,4,9,3,14,3,5,512,18,14,15,33,0,5,28,40,Leicester City,0,0.4,57%,79%,3,9,4,16,9,12,634,26,9,18,32,2,7,26,69
Manchester City,4,2.1,54%,88%,6,15,2,9,8,10,712,16,3,6,18,1,2,10,48,Brighton,0,0.5,46%,85%,2,7,2,9,1,14,618,15,13,6,13,3,12,15,45
Newcastle Utd,1,0.9,49%,75%,4,13,2,6,6,19,617,13,15,21,18,6,12,16,63,Watford,1,1.3,51%,78%,3,13,3,13,5,3,659,17,12,19,39,0,7,17,68
Liverpool,3,2.7,73%,89%,8,20,0,5,10,19,989,15,10,24,23,2,4,13,43,Newcastle Utd,1,0.4,27%,69%,1,8,5,8,1,5,442,21,6,15,22,8,13,15,57
Arsenal,2,2.3,55%,81%,8,26,7,13,11,19,619,21,5,14,13,3,2,11,44,Tottenham,2,2.1,45%,77%,8,12,6,22,6,7,522,17,7,11,23,1,15,12,58
Everton,3,1.4,58%,78%,6,15,3,12,7,17,646,24,9,26,36,1,2,16,74,Wolves,2,1.3,42%,65%,5,8,3,11,7,11,480,22,10,26,23,2,6,25,71
Burnley,0,0.4,37%,63%,2,7,3,14,6,7,450,8,14,18,46,5,5,18,78,Liverpool,3,1.1,63%,77%,6,15,2,16,4,17,686,14,8,18,26,1,8,22,79
Leicester City,3,1.9,56%,79%,5,13,1,12,4,10,715,23,7,16,28,2,6,28,59,Bournemouth,1,0.9,44%,75%,2,9,2,13,5,11,593,18,10,19,22,1,7,22,42
Chelsea,2,1.7,63%,86%,5,13,1,6,3,9,850,16,8,15,16,2,8,20,68,Sheffield Utd,2,1.1,37%,79%,2,8,3,12,4,8,556,15,15,21,32,0,5,18,79
West Ham,2,1.8,49%,82%,7,18,3,18,8,8,604,24,4,14,9,2,7,14,52,Norwich City,0,1.3,51%,85%,3,8,5,13,2,10,646,14,5,6,19,3,6,22,33
Crystal Palace,1,1.4,53%,81%,5,21,2,19,13,23,561,17,8,14,24,2,4,14,38,Aston Villa,0,0.3,47%,81%,2,10,4,15,2,9,523,15,6,11,36,0,11,25,48
Southampton,1,0.7,40%,75%,2,11,7,20,2,12,562,27,13,20,49,0,10,22,64,Manchester Utd,1,1.6,60%,80%,8,21,1,9,3,22,723,20,4,18,26,1,10,37,45
Wolves,1,1.5,65%,79%,1,14,1,10,4,16,732,13,3,32,30,1,6,21,75,Burnley,1,1.2,35%,64%,2,12,1,16,3,11,447,12,9,21,38,1,11,12,77
Liverpool,3,2.5,52%,85%,4,24,2,11,6,23,697,24,5,4,16,1,9,19,52,Arsenal,1,0.9,48%,85%,3,9,2,6,4,8,671,19,8,11,33,5,10,19,48
Norwich City,2,1.2,46%,81%,5,6,5,11,1,7,638,23,7,11,34,0,10,22,50,Chelsea,3,2.1,54%,84%,8,24,3,8,8,14,707,22,8,15,19,0,3,27,40
Manchester Utd,1,2.4,70%,85%,3,21,1,11,8,17,706,10,6,25,12,0,5,22,47,Crystal Palace,2,0.7,30%,66%,3,5,2,22,1,3,370,24,12,13,34,0,20,14,58
Sheffield Utd,1,0.7,49%,73%,3,8,1,11,7,19,569,16,11,24,16,1,9,31,78,Leicester City,2,0.9,51%,80%,3,13,2,6,4,8,626,16,15,28,54,4,12,33,56
Tottenham,0,1.2,79%,88%,2,17,2,11,6,25,906,14,5,10,12,1,4,23,27,Newcastle Utd,1,0.4,21%,72%,3,8,2,10,6,1,362,15,5,17,64,4,7,16,53
Brighton,0,0.9,52%,74%,3,11,2,12,8,15,558,18,12,20,17,0,5,30,65,Southampton,2,1.5,48%,77%,4,12,3,13,5,8,539,22,8,14,25,0,10,22,53
Bournemouth,1,1.5,26%,67%,7,10,2,8,4,8,388,12,16,14,25,3,5,7,60,Manchester City,3,2.3,74%,87%,5,16,6,14,5,8,860,13,2,14,28,4,2,21,45
Watford,1,2.3,55%,80%,3,21,6,18,8,16,622,15,2,13,15,1,4,15,39,West Ham,3,3.4,45%,79%,9,14,2,16,7,9,547,16,11,18,28,2,11,15,56
Aston Villa,2,0.9,37%,70%,3,7,0,10,0,9,453,10,6,17,30,8,11,21,88,Everton,0,1.0,63%,80%,0,12,1,21,6,19,671,13,2,30,22,1,4,29,51
Wolves,1,0.3,36%,74%,2,7,0,19,4,10,493,17,8,13,19,1,7,20,65,Manchester Utd,1,1.3,64%,86%,1,8,1,10,6,8,799,23,7,15,23,1,3,15,62
Chelsea,1,1.4,50%,79%,5,14,3,11,4,11,621,24,7,17,29,3,9,25,45,Leicester City,1,0.8,50%,77%,4,13,4,15,5,7,613,26,10,14,29,3,9,21,61
Sheffield Utd,1,1.6,44%,76%,3,15,4,18,8,9,562,19,8,24,43,0,2,31,71,Crystal Palace,0,0.2,56%,79%,4,6,2,11,4,6,667,20,7,19,41,1,9,35,63
Manchester City,2,2.9,56%,87%,8,30,0,16,13,20,768,15,12,16,14,3,3,12,47,Tottenham,2,0.3,44%,83%,2,3,6,6,2,3,628,15,3,6,23,1,11,17,49
Aston Villa,1,1.7,63%,81%,7,22,2,11,10,25,662,13,5,34,22,5,6,26,58,Bournemouth,2,1.3,37%,72%,3,11,6,16,5,10,447,14,11,20,27,2,11,14,72
Everton,1,1.0,44%,71%,2,12,2,13,4,10,489,23,4,24,54,2,10,28,56,Watford,0,1.0,56%,74%,2,8,1,12,7,12,579,29,12,26,21,1,9,38,66
Brighton,1,1.6,57%,80%,4,17,2,16,8,16,679,22,8,24,28,2,7,30,56,West Ham,1,0.8,43%,74%,3,8,3,12,6,8,543,21,11,16,30,4,14,21,68
Norwich City,3,1.4,63%,87%,8,15,2,11,7,9,729,19,3,13,32,2,7,15,55,Newcastle Utd,1,0.7,37%,78%,3,12,5,14,5,13,466,18,9,9,21,1,6,14,60
Arsenal,2,0.9,67%,85%,9,16,3,13,10,14,698,13,5,15,40,5,13,20,50,Burnley,1,1.3,33%,66%,4,17,7,17,7,19,411,18,6,19,34,1,6,14,57
Southampton,1,1.6,37%,67%,3,11,3,12,5,11,474,21,5,12,48,4,8,26,75,Liverpool,2,1.4,63%,78%,5,15,2,9,9,15,699,4,8,20,32,1,10,30,65
Manchester Utd,4,2.3,46%,82%,4,10,7,18,3,8,614,22,8,12,29,2,7,16,53,Chelsea,0,0.8,54%,83%,7,18,1,16,5,11,681,20,8,5,9,0,2,23,35
Leicester City,0,0.6,69%,83%,1,17,2,6,12,14,841,28,8,25,22,0,7,24,40,Wolves,0,0.6,31%,69%,2,7,1,14,3,1,474,25,10,19,37,1,14,32,61
Newcastle Utd,0,0.5,39%,76%,2,10,1,13,5,13,538,26,15,22,27,1,7,24,61,Arsenal,1,1.0,61%,85%,2,7,2,7,3,10,779,12,6,11,35,3,8,30,52
Tottenham,3,2.4,70%,86%,7,30,3,14,14,21,742,15,3,11,15,1,2,22,44,Aston Villa,1,0.6,30%,77%,4,7,4,11,0,5,417,25,8,10,40,0,13,9,55
Crystal Palace,0,0.7,35%,61%,2,7,2,18,6,8,439,28,10,27,33,4,10,30,49,Everton,0,1.0,65%,79%,2,10,2,13,2,15,703,17,8,18,24,0,5,39,65
Burnley,3,0.7,46%,62%,4,9,3,6,2,7,500,22,9,30,64,4,6,36,83,Southampton,0,0.8,54%,69%,3,12,1,14,7,9,557,11,6,25,55,1,11,34,100
West Ham,0,0.8,43%,81%,3,5,4,11,1,10,531,18,4,16,18,2,7,22,48,Manchester City,5,3.1,57%,88%,8,13,3,15,1,8,678,26,5,16,27,3,5,14,44
Watford,0,0.9,50%,78%,3,11,1,15,5,9,561,12,7,9,21,0,7,25,44,Brighton,3,0.7,50%,80%,3,4,3,11,2,9,594,17,13,18,38,3,8,19,79
Bournemouth,1,1.0,53%,77%,3,13,2,10,3,12,628,16,4,7,16,1,9,27,57,Sheffield Utd,1,1.0,47%,77%,3,8,2,21,4,12,593,17,15,18,18,0,7,28,80
