team,goals,xG,possession,passing_accuracy,shots_on_target,shots,saves,fouls,corners,crosses,touches,tackles,interceptions,aerials_won,clearances,offsides,goal_kicks,throw_ins,long_balls
Liverpool,4,1.7,0.57,0.79,7,15,5,10,11,15,633,24,11,14,5,0,6,18,57
Brighton,3,2.0,0.48,0.82,6,17,3,16,4,19,672,21,25,14,25,1,4,21,57
Arsenal,1,0.9,0.52,0.76,2,12,2,16,14,11,606,21,4,14,34,0,11,27,77
Manchester Utd,1,1.2,0.55,0.79,4,16,4,24,8,10,594,19,6,9,13,2,8,22,55
Burnley,1,0.7,0.42,0.67,3,9,2,6,7,10,486,14,9,32,40,5,6,23,67
Watford,0,1.5,0.39,0.69,2,8,2,8,7,12,504,19,10,25,34,2,7,16,58
Manchester City,0,1.3,0.77,0.87,2,18,0,13,9,26,865,13,6,9,11,1,2,26,64
West Ham,1,1.3,0.52,0.83,4,9,1,12,2,17,651,30,5,25,21,2,6,23,56
Norwich City,1,3.1,0.57,0.8,4,22,5,15,10,11,629,21,8,7,26,0,9,15,37
Liverpool,2,2.8,0.53,0.78,7,17,0,10,4,13,673,16,7,7,32,3,1,34,79
Leicester City,5,1.1,0.69,0.87,5,13,0,15,9,21,876,21,10,8,24,0,6,23,45
Everton,1,2.5,0.37,0.8,6,12,7,9,5,11,495,22,9,14,10,2,11,15,62
Tottenham,2,1.0,0.41,0.8,4,10,5,4,6,7,521,21,8,21,35,1,8,17,53
Wolves,2,1.5,0.38,0.79,2,7,5,6,1,13,547,21,4,10,44,2,12,15,53
Leicester City,2,2.2,0.53,0.78,7,15,0,12,9,14,615,20,5,21,49,3,4,20,78
Leicester City,0,1.4,0.47,0.81,3,14,1,12,3,13,596,27,8,10,13,2,7,25,57
Bournemouth,2,1.9,0.48,0.79,5,13,4,10,6,9,620,11,11,19,39,1,4,29,65
Chelsea,2,3.2,0.53,0.85,9,23,1,6,5,14,714,19,11,11,14,1,9,19,43
Newcastle Utd,1,0.4,0.25,0.67,2,3,3,14,2,3,404,31,5,16,31,3,8,18,74
Manchester City,5,3.2,0.73,0.9,9,31,4,7,9,26,848,11,5,9,7,0,4,17,43
Arsenal,3,1.7,0.5,0.82,4,11,4,11,4,9,577,15,6,18,25,1,7,9,48
Crystal Palace,1,0.8,0.48,0.78,2,12,1,12,7,16,590,23,6,22,10,1,4,31,57
Liverpool,5,1.4,0.51,0.8,7,10,2,12,6,6,714,18,4,17,14,0,9,21,76
Manchester Utd,1,0.7,0.56,0.87,4,11,2,12,2,8,745,11,8,11,8,3,11,13,51
Aston Villa,1,0.6,0.32,0.7,3,8,0,15,8,10,417,20,5,13,28,1,6,13,55
Everton,1,2.2,0.69,0.87,5,13,4,14,2,16,862,23,2,22,32,0,5,22,61
Chelsea,2,1.3,0.63,0.83,3,11,1,12,3,8,804,33,6,24,27,3,6,26,68
Burnley,1,1.8,0.55,0.74,1,14,2,13,6,24,553,22,5,22,12,2,9,29,73
Southampton,3,2.2,0.72,0.84,3,12,2,10,9,16,817,12,3,13,13,2,4,24,59
West Ham,1,0.7,0.61,0.8,1,10,3,17,0,11,603,20,4,25,21,0,6,28,64
Watford,0,0.1,0.25,0.65,0,2,5,16,0,3,377,17,8,18,23,4,10,15,64
Wolves,2,1.5,0.53,0.8,5,11,3,12,5,15,605,16,3,20,19,0,4,20,80
Sheffield Utd,0,0.5,0.51,0.77,0,8,1,13,7,17,601,24,2,24,13,1,1,29,84
Brighton,0,0.6,0.6,0.87,3,11,1,14,9,7,679,10,5,14,27,1,7,9,42
Tottenham,3,0.5,0.3,0.7,3,7,6,16,4,5,416,17,9,14,31,4,7,13,61
Bournemouth,0,1.1,0.44,0.56,3,12,5,14,12,14,479,15,4,33,23,2,4,31,60
Norwich City,0,0.3,0.41,0.77,2,6,7,7,6,1,481,5,3,17,32,1,17,12,80
West Ham,3,0.7,0.39,0.62,4,10,2,12,9,7,461,16,3,39,49,1,13,23,69
Southampton,1,1.9,0.67,0.8,4,20,1,8,8,17,765,18,2,19,11,1,6,27,89
Everton,1,0.6,0.55,0.82,1,9,0,16,5,19,592,13,8,22,24,0,9,12,50
Manchester City,2,0.8,0.71,0.88,3,8,1,10,3,10,869,13,4,23,41,2,10,5,53
Newcastle Utd,1,1.1,0.52,0.86,5,22,2,8,5,11,631,13,8,12,13,0,5,11,61
Burnley,1,1.8,0.46,0.68,0,8,4,11,3,9,486,12,6,29,23,1,10,23,79
Crystal Palace,0,0.8,0.42,0.79,5,13,3,13,2,9,571,25,7,3,15,1,11,21,53
Chelsea,1,2.4,0.67,0.88,6,22,0,12,8,19,914,13,2,17,9,0,2,17,77
Arsenal,2,1.1,0.31,0.63,2,3,7,19,2,5,418,19,4,13,31,5,15,14,65
Wolves,3,2.4,0.56,0.86,7,13,2,10,5,6,688,10,3,8,16,1,6,21,63
Manchester Utd,2,1.2,0.46,0.81,4,8,3,18,4,9,604,15,4,20,46,1,5,23,73
Tottenham,2,1.5,0.38,0.78,9,15,3,22,6,7,493,16,4,12,19,2,10,16,69
Bournemouth,4,1.8,0.44,0.72,3,8,4,15,2,11,572,6,5,19,13,4,5,27,68
Liverpool,1,2.1,0.71,0.85,9,23,1,9,11,14,817,10,4,10,25,2,4,30,69
Aston Villa,2,1.7,0.46,0.73,9,12,5,27,5,17,457,17,3,16,15,1,9,21,65
Sheffield Utd,3,1.9,0.25,0.63,4,9,4,9,4,11,384,8,7,29,39,1,8,18,59
Brighton,0,0.1,0.3,0.76,0,3,3,10,2,9,450,14,10,11,17,6,11,10,51
Norwich City,0,0.7,0.52,0.86,2,11,3,13,1,8,621,17,3,10,16,1,12,16,55
Watford,2,3.0,0.49,0.72,3,15,3,25,2,16,454,13,4,27,22,3,3,29,56
Brighton,1,2.2,0.44,0.74,2,12,5,8,6,10,544,11,6,11,33,5,8,13,68
Everton,1,1.0,0.39,0.73,3,11,3,15,3,5,472,12,10,21,28,3,8,13,55
Bournemouth,0,1.1,0.37,0.67,2,9,0,11,8,11,448,18,6,16,24,1,10,22,45
Sheffield Utd,1,0.7,0.44,0.69,3,7,1,7,6,22,531,13,4,24,16,3,7,33,56
Aston Villa,0,0.5,0.34,0.75,1,9,3,11,3,6,444,10,8,7,17,2,9,21,55
Crystal Palace,2,1.4,0.43,0.77,4,13,3,15,7,14,568,22,8,34,22,1,6,25,64
Arsenal,1,1.7,0.39,0.7,7,11,4,12,10,11,480,11,7,17,28,4,2,30,65
Watford,2,0.8,0.43,0.74,4,8,2,15,4,15,505,17,5,29,19,0,9,22,62
Manchester City,5,3.3,0.74,0.92,10,24,1,13,8,18,970,8,7,15,17,2,0,10,49
Southampton,1,0.8,0.28,0.68,4,8,6,9,2,5,473,27,9,16,51,2,11,11,60
Tottenham,1,0.6,0.52,0.79,2,12,3,16,5,7,575,15,5,17,31,2,8,25,47
Liverpool,2,0.8,0.7,0.84,4,6,3,20,7,18,797,10,4,10,19,1,4,19,71
Newcastle Utd,2,1.0,0.57,0.8,4,11,5,9,6,9,667,21,2,20,22,1,4,16,53
Burnley,1,1.5,0.49,0.73,5,9,2,8,3,8,586,15,1,19,38,2,6,28,81
Manchester Utd,5,2.2,0.69,0.87,9,17,1,5,8,11,771,14,6,13,12,4,5,13,36
Wolves,0,0.9,0.53,0.84,1,10,1,7,3,12,666,13,3,14,13,1,4,27,78
Chelsea,3,2.3,0.7,0.89,8,20,3,13,5,15,874,14,1,15,21,1,4,17,43
West Ham,0,1.8,0.53,0.74,3,22,3,7,10,27,604,13,5,32,19,0,5,28,72
Leicester City,3,2.4,0.53,0.83,3,14,1,20,3,8,682,31,7,18,23,1,5,27,53
Manchester City,4,2.7,0.48,0.84,4,13,3,10,3,7,633,12,4,7,20,3,6,23,61
Sheffield Utd,3,1.6,0.32,0.7,5,7,1,17,1,11,477,21,5,25,49,2,6,19,89
Arsenal,4,2.1,0.52,0.83,8,13,3,11,6,17,596,11,6,18,11,0,6,16,42
Bournemouth,1,1.4,0.55,0.82,1,12,3,12,6,9,630,15,4,21,13,2,4,19,49
Everton,2,1.1,0.36,0.76,2,6,2,13,3,7,483,20,5,28,29,0,11,21,72
West Ham,3,2.8,0.31,0.72,4,11,4,10,2,4,422,17,7,24,28,2,8,13,65
Norwich City,0,0.5,0.58,0.85,1,12,1,13,0,17,728,24,3,8,20,4,6,30,53
Brighton,0,0.5,0.38,0.81,2,9,3,12,4,9,500,16,15,8,11,2,6,14,42
Crystal Palace,0,1.1,0.57,0.81,4,17,3,14,9,20,657,17,4,12,30,0,4,29,57
Wolves,1,1.3,0.54,0.81,2,11,0,16,6,12,585,22,1,15,23,2,1,21,66
Burnley,1,1.1,0.54,0.7,4,9,3,17,1,11,564,12,9,32,35,3,7,21,85
Norwich City,0,0.4,0.47,0.75,1,8,4,11,6,10,568,16,4,14,21,1,5,23,68
Southampton,0,0.7,0.53,0.78,3,12,3,11,4,11,569,16,5,14,17,2,3,29,65
Aston Villa,0,0.3,0.48,0.8,1,10,1,19,2,9,539,10,2,21,17,0,7,15,67
Chelsea,2,3.1,0.35,0.81,6,14,1,14,5,10,488,9,7,17,21,3,14,6,47
Watford,1,0.4,0.49,0.66,0,7,4,21,5,19,555,12,9,35,17,1,5,28,84
Liverpool,4,2.5,0.73,0.88,7,21,0,9,6,18,1025,15,4,13,4,0,4,18,70
Newcastle Utd,1,0.7,0.5,0.77,3,13,1,16,6,14,559,6,2,21,64,1,11,17,85
Tottenham,2,1.6,0.64,0.85,4,15,2,14,9,11,785,9,1,25,10,3,8,11,47
Manchester Utd,3,2.2,0.68,0.91,7,15,1,11,10,3,858,12,5,15,28,1,7,12,42
Everton,0,1.3,0.3,0.69,3,9,3,20,1,4,391,20,4,17,31,2,12,22,65
Aston Villa,1,1.1,0.27,0.64,4,8,3,12,2,8,389,10,6,21,39,0,14,19,62
Leicester City,0,0.6,0.67,0.84,2,11,1,12,6,13,752,16,6,25,17,0,4,20,54
Bournemouth,0,0.8,0.59,0.83,1,12,0,15,11,6,633,17,4,18,15,1,5,20,39
Newcastle Utd,3,1.6,0.47,0.8,8,12,1,10,2,11,562,13,1,15,16,3,11,21,62
Manchester City,5,3.0,0.71,0.91,6,18,0,8,3,11,907,10,0,22,9,1,4,16,53
Brighton,2,1.0,0.42,0.76,5,9,5,16,10,14,464,22,8,8,21,0,5,15,32
Watford,1,0.8,0.33,0.62,4,7,1,17,2,16,432,15,6,15,25,0,12,30,70
West Ham,0,0.3,0.42,0.74,2,7,4,12,5,14,498,16,3,16,19,0,3,22,59
Chelsea,4,1.9,0.61,0.88,11,18,2,8,6,8,773,17,8,19,17,0,7,18,61
Manchester City,3,3.3,0.67,0.92,11,19,0,9,5,8,804,8,6,6,6,1,5,18,48
Leicester City,4,2.3,0.64,0.82,6,14,1,17,9,16,712,26,7,22,20,3,5,33,63
Manchester Utd,2,1.4,0.28,0.75,6,12,4,13,2,7,442,20,10,10,37,1,6,14,59
Norwich City,0,0.8,0.55,0.7,1,9,5,14,9,5,558,22,2,16,12,2,10,19,77
Burnley,1,2.4,0.46,0.72,7,21,1,19,3,19,578,23,10,28,40,2,5,26,80
Tottenham,1,0.3,0.4,0.73,3,10,5,22,7,5,525,18,7,18,28,1,7,24,60
Aston Villa,0,1.3,0.46,0.79,6,14,1,13,12,12,536,7,3,24,31,1,4,28,81
Crystal Palace,1,0.6,0.44,0.74,2,9,3,12,8,10,559,19,18,21,49,1,7,15,65
Southampton,0,0.4,0.39,0.66,3,6,5,17,5,14,463,17,12,20,16,0,7,24,56
Arsenal,1,1.1,0.67,0.85,2,9,5,11,6,13,764,16,10,24,44,2,9,14,65
Tottenham,2,1.5,0.65,0.83,4,13,1,18,4,17,766,23,5,22,23,0,9,23,46
Sheffield Utd,1,0.9,0.43,0.7,3,10,3,12,10,24,547,17,2,19,33,1,9,24,67
Liverpool,2,1.4,0.73,0.84,6,14,1,9,9,14,880,10,10,23,31,2,4,25,61
Wolves,0,0.6,0.43,0.77,1,11,1,5,2,9,621,26,4,15,17,0,9,25,82
Everton,1,2.3,0.45,0.71,5,16,4,12,13,12,509,18,10,16,15,3,7,22,60
Newcastle Utd,0,1.1,0.54,0.68,4,21,1,14,11,14,557,19,0,25,22,2,6,29,66
West Ham,3,2.3,0.35,0.6,7,15,1,10,4,12,449,19,7,36,39,0,6,29,61
Watford,3,2.2,0.31,0.64,5,14,1,9,3,12,451,17,14,22,42,5,13,19,56
Bournemouth,2,1.9,0.27,0.71,5,9,4,12,4,7,480,10,1,18,53,1,9,17,53
Brighton,0,1.7,0.64,0.83,8,23,2,8,8,17,720,24,7,26,26,1,3,26,58
Norwich City,1,0.8,0.42,0.75,6,11,4,16,6,8,508,25,9,10,26,2,13,20,60
Wolves,3,2.8,0.4,0.79,6,18,3,14,4,11,549,31,13,13,29,1,6,25,60
Manchester Utd,3,2.4,0.57,0.8,7,20,2,7,3,6,718,23,14,17,17,1,5,13,67
Crystal Palace,1,1.2,0.45,0.76,9,18,2,16,7,12,546,23,7,23,16,0,6,26,58
Burnley,3,2.8,0.43,0.65,9,15,4,12,7,15,472,20,7,19,21,1,7,17,72
Sheffield Utd,1,1.5,0.66,0.77,3,14,1,4,12,24,731,14,3,25,42,3,4,39,88
Leicester City,0,1.1,0.33,0.76,3,10,5,16,3,8,461,13,9,10,22,1,6,21,51
Arsenal,3,1.2,0.51,0.85,4,9,3,12,6,9,624,15,6,10,23,2,9,17,47
Liverpool,3,2.9,0.68,0.82,7,25,2,5,16,23,814,22,3,21,17,2,2,19,43
Southampton,2,2.8,0.46,0.7,8,28,1,13,9,8,509,23,5,24,21,0,4,25,72
Chelsea,2,1.6,0.48,0.84,7,18,3,19,3,6,718,34,8,10,22,1,4,20,64
Aston Villa,2,1.9,0.55,0.76,4,18,6,15,12,11,650,25,9,16,24,0,6,29,66
Manchester City,2,2.2,0.78,0.89,6,19,0,5,6,23,1031,13,4,9,32,1,5,17,46
Norwich City,0,0.4,0.36,0.73,1,5,5,5,2,2,526,21,22,9,47,1,8,18,70
Arsenal,4,2.0,0.68,0.88,6,15,2,17,5,19,767,14,2,14,16,1,3,12,40
Chelsea,0,1.4,0.61,0.84,0,17,1,14,9,12,752,26,2,13,18,2,6,20,55
Wolves,0,0.9,0.43,0.74,3,15,3,16,7,16,508,26,3,21,11,2,5,36,63
Sheffield Utd,2,1.7,0.55,0.7,5,16,1,12,8,19,629,18,8,43,16,0,9,40,87
Southampton,1,0.7,0.62,0.76,2,10,4,9,4,18,691,14,5,20,25,1,7,42,69
Everton,3,2.4,0.47,0.72,7,14,1,14,4,13,557,32,5,28,22,1,9,28,51
Brighton,1,0.7,0.66,0.82,1,10,2,9,3,24,759,12,3,32,32,3,5,23,64
Burnley,0,1.9,0.43,0.72,2,15,2,9,5,20,498,18,5,26,38,4,8,25,62
Manchester Utd,0,0.8,0.64,0.86,5,15,3,16,4,12,781,17,4,11,18,0,6,26,37
Tottenham,2,0.3,0.33,0.73,3,3,2,9,2,3,477,22,18,6,26,2,6,10,56
Crystal Palace,0,1.1,0.62,0.79,3,12,3,8,9,16,659,11,4,28,16,1,8,26,60
Newcastle Utd,0,0.7,0.43,0.77,5,15,4,13,8,16,554,14,11,24,42,3,10,14,51
Leicester City,2,1.6,0.49,0.78,4,14,1,19,4,9,625,32,3,10,28,1,6,24,65
West Ham,0,0.8,0.31,0.73,4,7,3,6,3,15,476,16,4,17,22,1,4,22,56
Watford,2,0.6,0.45,0.69,2,11,2,20,4,7,524,16,9,31,40,0,8,21,64
West Ham,3,0.9,0.35,0.71,6,11,4,10,4,17,471,19,13,26,36,2,12,14,64
Bournemouth,2,2.2,0.4,0.67,6,16,4,9,1,11,493,18,6,30,67,1,14,23,75
Wolves,1,1.6,0.46,0.81,3,10,4,8,2,21,629,14,5,18,18,2,8,14,82
Liverpool,4,3.2,0.61,0.74,9,16,4,8,6,11,680,17,3,20,23,2,13,29,84
Manchester Utd,0,1.8,0.7,0.85,7,23,0,11,5,20,855,12,6,38,32,2,2,34,49
Leicester City,4,2.8,0.67,0.85,7,18,1,12,7,17,735,22,4,22,6,2,4,23,52
Everton,2,1.6,0.56,0.83,7,16,0,15,6,15,743,21,10,23,29,1,7,25,73
Sheffield Utd,0,0.8,0.33,0.65,1,5,3,14,5,8,425,14,7,24,25,3,13,20,72
Aston Villa,2,1.0,0.64,0.79,5,16,2,14,6,18,738,13,6,34,8,0,2,29,66
Tottenham,2,1.9,0.52,0.8,3,14,1,12,7,11,640,13,10,23,13,1,11,25,57
Chelsea,2,2.8,0.6,0.85,7,18,0,14,18,29,724,23,9,22,24,2,1,20,44
Bournemouth,3,1.6,0.34,0.68,3,11,6,10,5,8,461,24,14,15,23,2,10,12,58
Burnley,2,1.4,0.44,0.72,5,8,6,16,4,9,557,19,6,30,26,1,6,32,71
Liverpool,2,2.3,0.53,0.78,5,16,3,9,11,18,673,20,5,15,14,2,8,22,62
Crystal Palace,0,0.8,0.45,0.65,0,7,4,16,0,7,528,18,8,28,28,2,10,39,78
Newcastle Utd,1,0.6,0.31,0.65,2,6,4,13,1,8,461,17,17,25,35,1,11,26,60
Arsenal,1,1.3,0.6,0.81,4,11,2,11,4,10,717,14,7,18,39,3,6,22,57
Norwich City,1,2.0,0.65,0.83,3,15,3,9,4,5,760,12,7,21,13,0,4,22,66
Aston Villa,1,1.0,0.3,0.8,0,4,4,8,2,4,486,23,10,8,17,1,12,14,51
West Ham,1,1.2,0.49,0.76,5,13,1,12,7,15,612,21,6,34,17,3,6,25,74
Manchester City,2,2.1,0.73,0.85,6,25,2,9,14,40,849,18,7,21,4,0,5,19,47
Brighton,1,0.7,0.55,0.8,2,10,2,13,3,8,670,18,7,18,18,2,9,27,63
Bournemouth,0,0.3,0.56,0.78,1,10,2,5,5,15,698,12,7,28,34,0,8,23,59
Tottenham,0,1.6,0.33,0.76,4,14,5,9,4,5,523,18,10,10,34,2,7,13,47
Watford,0,1.8,0.43,0.66,1,14,4,19,3,23,515,26,8,38,18,2,9,22,64
Southampton,2,0.7,0.56,0.71,5,11,1,15,1,17,581,24,4,22,24,2,8,32,79
Everton,1,1.8,0.52,0.77,6,14,2,8,4,17,652,20,13,15,37,2,10,21,68
Manchester Utd,4,2.2,0.61,0.85,5,12,3,19,4,13,800,24,7,8,11,2,3,22,56
Wolves,1,0.9,0.65,0.84,3,9,0,16,5,13,713,20,10,16,11,0,5,22,71
Liverpool,2,3.2,0.74,0.9,7,19,2,6,8,19,1081,12,7,15,21,1,3,17,83
Crystal Palace,1,0.4,0.43,0.71,2,6,2,15,1,10,519,27,6,13,10,3,4,21,68
Chelsea,3,2.6,0.65,0.85,7,17,1,8,10,22,721,15,8,17,39,5,4,30,66
Leicester City,1,1.0,0.57,0.73,5,5,6,10,2,10,609,22,8,21,49,3,6,32,58
Sheffield Utd,1,1.8,0.46,0.71,3,13,2,14,7,15,576,18,7,39,36,3,5,22,75
Arsenal,2,1.5,0.49,0.84,4,10,4,15,1,12,669,20,9,9,12,0,8,20,71
Norwich City,1,1.6,0.4,0.82,4,15,2,17,2,7,561,34,8,16,42,2,5,21,54
Watford,2,0.9,0.37,0.73,3,9,3,10,4,6,486,13,14,26,42,1,12,17,61
West Ham,4,1.8,0.42,0.77,6,13,2,4,9,14,587,21,9,13,24,1,2,17,62
Southampton,1,1.4,0.42,0.65,3,13,3,24,6,9,540,27,7,22,38,1,5,27,66
Manchester City,2,1.6,0.65,0.91,7,15,1,11,3,7,912,13,11,15,27,4,4,13,51
Newcastle Utd,0,0.7,0.24,0.66,2,6,6,9,4,5,378,18,9,8,19,0,10,22,53
Burnley,1,2.0,0.62,0.79,1,21,4,14,8,23,670,11,2,31,18,2,5,29,73
Brighton,1,0.9,0.48,0.78,5,15,3,9,5,11,666,20,5,19,30,0,8,27,62
Manchester City,2,1.1,0.71,0.9,4,16,0,8,8,9,975,12,4,14,29,1,8,16,50
Southampton,1,1.4,0.59,0.78,5,14,2,17,12,17,628,20,17,21,18,2,4,21,44
West Ham,1,0.9,0.43,0.73,4,13,4,23,5,9,528,27,8,17,30,1,3,31,68
Norwich City,2,0.4,0.42,0.69,2,5,5,16,4,4,550,25,15,12,20,1,7,20,68
Liverpool,1,1.2,0.63,0.84,3,10,2,8,5,14,768,25,10,20,17,2,10,26,57
Burnley,0,0.4,0.38,0.68,1,8,2,19,5,12,426,11,5,28,24,5,9,18,68
Arsenal,1,0.8,0.42,0.8,2,7,2,16,2,6,574,16,8,21,28,2,8,17,49
Newcastle Utd,1,1.5,0.43,0.72,5,19,7,13,5,19,488,12,7,44,34,3,6,19,76
Wolves,3,1.8,0.62,0.87,8,20,0,8,3,25,698,17,10,25,9,0,6,26,52
Watford,3,2.9,0.49,0.78,5,19,2,15,6,15,569,19,5,20,37,1,3,19,63
Brighton,2,1.0,0.56,0.81,4,16,2,10,9,17,662,24,7,21,9,3,9,24,60
Leicester City,0,0.1,0.41,0.79,0,3,2,8,2,6,576,20,8,9,36,6,9,19,49
Tottenham,2,1.5,0.54,0.79,5,11,4,10,9,11,645,23,10,10,21,5,9,20,47
Chelsea,0,0.5,0.66,0.81,4,10,1,10,8,17,887,28,11,33,37,1,6,33,59
Aston Villa,1,0.6,0.43,0.72,2,11,5,16,5,17,513,14,8,19,21,1,10,22,52
Sheffield Utd,1,2.1,0.58,0.76,3,16,1,13,9,18,685,20,3,36,35,4,4,24,90
Bournemouth,1,0.9,0.38,0.77,6,12,1,7,8,8,513,16,7,11,24,1,11,21,39
Everton,1,1.6,0.68,0.81,5,21,0,15,10,11,682,6,7,33,33,0,5,32,65
Crystal Palace,2,2.0,0.58,0.84,4,13,1,7,7,11,724,18,10,17,28,1,8,19,45
Manchester Utd,4,1.6,0.73,0.91,10,22,1,11,5,11,945,20,6,13,4,1,7,18,46
Tottenham,0,0.4,0.46,0.77,1,5,1,11,3,10,601,18,5,17,14,0,6,28,54
Manchester City,3,3.4,0.62,0.9,11,22,1,16,6,16,819,19,8,9,10,1,7,19,55
Bournemouth,0,0.2,0.63,0.77,0,3,0,13,4,19,600,12,6,18,43,2,3,24,60
Norwich City,1,1.3,0.52,0.81,6,13,2,8,3,6,579,18,5,17,24,3,4,17,51
Brighton,0,0.5,0.69,0.81,2,9,1,8,4,16,789,14,2,29,10,2,8,27,68
Aston Villa,1,1.0,0.57,0.76,6,19,5,18,7,16,618,12,8,36,28,2,4,22,55
Newcastle Utd,1,0.5,0.42,0.75,3,8,4,15,4,19,501,27,8,24,22,2,10,18,66
Watford,2,1.5,0.38,0.68,2,10,8,19,3,15,462,20,19,11,22,5,12,21,59
Everton,0,0.4,0.43,0.76,0,9,2,12,5,19,506,20,9,18,18,0,6,26,63
Crystal Palace,1,0.7,0.34,0.73,4,11,9,10,3,10,489,16,12,24,32,0,4,22,61
Chelsea,0,1.5,0.65,0.79,4,16,1,9,9,24,769,23,5,32,31,3,6,19,61
Wolves,1,0.8,0.57,0.75,5,18,3,15,11,23,648,20,5,19,19,0,4,19,77
Arsenal,0,0.4,0.42,0.83,1,6,3,13,3,15,609,19,9,7,9,2,8,18,48
Manchester Utd,1,1.7,0.65,0.85,8,24,3,10,6,15,703,18,9,31,43,2,8,28,41
Burnley,1,1.0,0.49,0.71,4,7,0,17,4,8,525,18,9,33,39,3,10,17,61
Southampton,0,0.9,0.56,0.73,2,11,3,11,5,16,649,18,5,33,38,4,4,27,70
Leicester City,1,1.3,0.56,0.82,5,19,2,13,12,12,678,22,11,17,17,0,4,33,44
Sheffield Utd,2,1.4,0.57,0.76,3,7,0,12,3,30,657,14,3,28,21,3,7,27,97
Liverpool,2,1.6,0.68,0.82,6,16,2,10,6,15,814,15,4,24,25,5,7,30,64
West Ham,1,0.6,0.35,0.77,5,11,0,15,4,12,513,30,10,8,17,1,3,20,48
Brighton,2,1.0,0.61,0.83,4,13,3,12,3,10,691,10,6,20,15,1,4,19,64
Norwich City,1,0.8,0.57,0.77,4,14,1,8,9,5,716,18,5,28,23,1,11,21,84
Tottenham,5,2.3,0.48,0.79,7,13,1,15,1,4,604,18,6,16,47,1,7,15,78
Aston Villa,1,1.0,0.42,0.72,2,15,4,24,8,20,478,14,11,14,20,0,11,20,50
Manchester City,1,2.0,0.71,0.85,5,22,5,11,16,31,827,20,13,11,9,0,4,25,36
Bournemouth,0,0.2,0.26,0.69,0,4,6,7,1,5,427,14,10,13,41,4,10,15,69
Newcastle Utd,2,1.2,0.47,0.68,6,12,3,12,3,13,521,14,8,35,28,0,11,30,81
Watford,0,1.2,0.51,0.71,3,13,0,15,6,20,535,15,7,22,31,1,8,27,90
Southampton,2,1.1,0.4,0.68,5,14,2,14,6,13,541,32,10,32,41,3,5,30,76
Arsenal,1,1.0,0.49,0.82,5,12,7,12,9,16,550,17,5,12,22,7,6,21,46
Manchester Utd,2,1.3,0.47,0.76,6,11,4,9,4,4,596,18,11,13,23,1,5,28,57
Leicester City,2,3.0,0.61,0.84,3,11,1,13,7,8,741,11,10,27,47,3,8,18,49
Liverpool,5,2.7,0.57,0.81,5,11,2,14,5,5,640,19,7,21,43,3,7,23,70
Sheffield Utd,0,1.3,0.72,0.84,7,13,2,10,8,24,857,20,2,24,18,3,3,30,67
Chelsea,2,2.1,0.64,0.86,9,25,2,19,9,13,804,25,3,15,21,0,4,19,33
Wolves,2,1.6,0.49,0.81,7,14,3,11,5,15,633,11,11,27,25,3,5,20,66
Everton,3,1.7,0.29,0.62,7,13,3,18,1,8,434,34,15,25,40,2,13,20,74
Burnley,1,0.5,0.25,0.65,2,4,4,18,3,4,385,16,12,21,23,0,7,21,54
Manchester Utd,2,1.7,0.62,0.83,6,16,1,19,9,17,680,5,6,14,28,1,7,25,42
Crystal Palace,1,0.4,0.32,0.7,2,7,2,7,6,10,415,17,11,13,37,1,12,20,59
Wolves,1,1.2,0.58,0.81,4,13,3,13,7,19,681,15,6,27,28,1,5,18,62
Norwich City,2,1.3,0.4,0.8,8,15,4,9,7,5,534,18,13,15,36,1,3,14,40
Southampton,2,1.4,0.63,0.79,5,11,2,7,6,17,734,17,9,13,36,2,3,41,57
Chelsea,0,2.0,0.65,0.86,5,19,3,3,9,23,853,8,11,18,21,4,5,27,44
Leicester City,2,2.6,0.7,0.83,6,14,2,8,4,13,801,18,9,22,25,1,6,23,63
Burnley,0,1.5,0.44,0.67,3,15,0,15,5,9,514,24,5,33,30,1,7,23,84
Liverpool,2,1.9,0.43,0.8,7,15,5,2,4,10,588,15,15,7,19,1,7,16,75
Tottenham,3,2.8,0.52,0.8,5,14,4,11,4,9,645,22,15,25,33,1,10,9,63
Newcastle Utd,2,0.3,0.24,0.59,3,6,5,6,1,10,405,20,12,17,48,3,10,22,60
Sheffield Utd,3,1.4,0.41,0.69,8,12,2,15,6,14,540,15,9,21,36,3,5,22,70
Aston Villa,2,1.8,0.61,0.83,8,17,5,11,11,15,649,19,3,15,27,1,5,17,54
Crystal Palace,1,1.0,0.41,0.74,6,16,2,10,9,12,514,13,6,18,43,3,7,21,62
Manchester City,2,1.1,0.47,0.84,4,15,1,10,8,15,684,14,7,15,16,3,10,20,45
Brighton,0,0.8,0.54,0.81,0,7,7,10,6,14,612,10,3,10,14,2,7,33,49
Everton,0,0.8,0.56,0.75,7,18,3,14,7,24,593,27,6,23,36,0,5,34,75
Watford,0,1.0,0.64,0.75,4,15,2,14,7,24,564,12,2,28,41,2,3,27,62
Bournemouth,1,0.5,0.47,0.8,2,8,5,12,5,10,572,8,3,17,24,0,6,21,56
West Ham,2,0.7,0.48,0.76,5,12,4,13,3,12,549,23,10,22,11,4,4,27,61
Arsenal,2,2.0,0.6,0.81,5,12,2,19,6,22,666,20,14,15,31,1,14,23,36
Wolves,2,1.9,0.49,0.79,5,17,3,19,6,8,526,19,6,20,33,0,6,19,69
Leicester City,2,1.6,0.5,0.87,7,19,1,12,5,11,625,18,8,9,23,1,5,26,27
Southampton,1,0.9,0.46,0.72,3,4,3,13,5,7,504,18,10,20,35,3,12,22,51
Tottenham,1,1.1,0.6,0.83,5,17,3,7,4,9,749,20,5,18,25,1,10,27,52
Newcastle Utd,2,3.0,0.34,0.69,9,20,2,12,5,8,435,18,2,19,39,4,7,21,65
Liverpool,3,1.0,0.45,0.77,5,12,2,14,4,10,568,15,5,13,24,3,10,20,70
Manchester Utd,3,2.2,0.44,0.79,10,21,1,10,5,11,521,22,15,10,12,0,6,14,41
Burnley,3,1.6,0.4,0.67,11,14,4,18,11,13,462,9,7,29,43,7,6,19,69
West Ham,2,1.9,0.7,0.83,6,16,6,10,7,22,738,10,5,14,10,1,3,32,46
Aston Villa,1,0.7,0.28,0.57,2,5,4,14,2,11,419,24,8,18,53,2,18,22,72
Watford,1,1.4,0.34,0.79,2,11,7,11,1,9,522,19,10,12,16,0,6,16,51
Arsenal,1,1.1,0.58,0.83,4,10,7,8,8,18,714,17,6,5,27,2,5,20,42
Chelsea,2,2.5,0.61,0.86,6,22,1,12,7,11,724,19,11,14,12,1,7,23,52
Everton,1,0.8,0.46,0.77,3,7,1,8,5,18,535,29,6,19,24,2,5,26,74
Crystal Palace,0,0.4,0.44,0.76,3,12,3,16,5,7,494,18,1,13,24,1,5,30,48
Brighton,2,2.3,0.58,0.84,5,20,0,11,8,19,686,18,10,7,21,3,4,17,55
Norwich City,0,0.8,0.66,0.85,5,17,0,12,10,20,773,21,6,9,8,1,9,23,47
Manchester City,2,3.1,0.75,0.83,4,26,2,13,16,37,844,11,4,21,13,3,2,35,60
Liverpool,2,2.5,0.66,0.83,12,20,3,11,8,26,792,24,7,20,29,0,9,22,69
Bournemouth,1,1.7,0.43,0.72,6,12,4,17,4,10,540,15,14,14,41,2,8,22,68
Newcastle Utd,1,0.7,0.44,0.79,2,13,4,9,3,15,560,16,9,30,28,1,8,21,51
Arsenal,2,1.7,0.55,0.82,6,15,2,19,12,17,573,19,6,13,37,1,4,22,51
Sheffield Utd,3,2.1,0.44,0.69,5,13,1,10,7,13,518,20,7,31,50,1,7,21,75
Norwich City,1,1.0,0.46,0.81,3,10,6,19,1,9,573,28,8,3,17,1,8,20,41
Burnley,2,2.2,0.37,0.73,5,13,3,10,5,12,537,14,8,16,34,1,3,13,79
Brighton,3,1.3,0.55,0.81,3,7,5,15,0,11,679,17,7,9,16,3,7,22,44
Watford,0,0.8,0.4,0.73,3,7,5,17,5,13,492,16,5,10,28,5,4,18,58
West Ham,1,2.0,0.61,0.76,4,12,3,11,10,19,676,12,8,18,14,3,3,25,77
Manchester City,3,2.4,0.64,0.87,10,26,4,11,13,15,742,14,6,15,13,1,4,16,44
Southampton,0,0.4,0.29,0.62,3,6,7,6,2,4,423,29,16,11,18,1,6,23,59
Sheffield Utd,1,1.0,0.33,0.73,2,8,3,13,7,12,470,20,16,23,38,1,4,27,62
Crystal Palace,0,0.5,0.29,0.74,2,7,7,10,1,7,435,16,16,13,26,3,11,13,60
Manchester Utd,1,0.7,0.34,0.67,2,7,3,8,3,12,477,15,16,8,42,4,8,33,62
Wolves,1,0.9,0.57,0.79,0,3,4,11,1,10,627,12,3,22,20,1,9,28,58
Leicester City,2,1.4,0.62,0.84,3,19,3,4,9,9,706,22,9,22,32,2,6,23,48
Aston Villa,2,2.7,0.49,0.81,8,23,5,9,7,23,606,7,7,6,17,1,9,15,44
Tottenham,1,1.0,0.69,0.84,3,12,1,6,11,24,848,14,10,17,29,5,4,30,43
Chelsea,1,1.9,0.71,0.85,7,16,0,9,11,12,798,21,3,14,40,1,5,29,47
Bournemouth,0,0.6,0.48,0.76,2,11,1,11,6,18,579,12,8,19,23,2,6,28,54
Newcastle Utd,1,0.5,0.32,0.71,1,12,2,13,4,6,399,18,9,19,22,1,10,19,64
Everton,2,2.1,0.52,0.71,10,18,4,16,11,17,549,26,12,23,17,9,7,18,63
Southampton,1,1.0,0.42,0.72,2,10,3,12,3,4,542,20,6,14,45,1,5,21,73
Aston Villa,2,0.8,0.61,0.77,3,16,1,10,7,18,585,16,8,18,18,2,9,24,56
Sheffield Utd,0,1.3,0.3,0.71,2,12,3,9,6,10,442,14,11,18,35,0,12,24,64
Crystal Palace,2,1.5,0.45,0.79,2,14,3,17,5,15,576,20,2,16,13,2,7,24,58
Chelsea,1,1.2,0.55,0.77,2,13,1,10,6,25,664,13,5,19,14,7,5,32,69
Arsenal,3,2.4,0.59,0.83,4,20,7,13,9,17,604,18,7,6,17,2,8,16,48
Crystal Palace,1,0.9,0.51,0.79,4,13,3,7,6,9,630,25,11,19,15,1,6,32,54
West Ham,2,0.5,0.48,0.77,6,8,4,9,3,11,578,16,8,18,22,2,6,33,64
Newcastle Utd,0,1.0,0.3,0.7,4,11,2,13,5,12,434,25,9,15,26,0,10,18,53
Everton,0,0.9,0.7,0.81,3,16,0,10,12,24,719,14,5,18,29,1,5,37,72
Manchester City,8,5.8,0.68,0.89,11,27,4,5,5,17,869,21,3,11,9,2,1,20,45
Leicester City,2,1.5,0.44,0.75,7,16,4,19,8,9,552,24,7,12,41,3,9,15,67
Burnley,2,1.5,0.42,0.74,6,13,2,12,7,17,520,19,10,18,15,1,7,24,61
Brighton,1,0.9,0.64,0.76,5,14,0,16,3,22,669,22,7,25,18,2,8,33,62
Aston Villa,0,1.0,0.47,0.78,4,10,1,14,2,13,560,19,3,15,19,2,8,16,41
Watford,2,2.8,0.51,0.87,9,30,2,17,7,17,617,20,8,7,18,1,6,9,34
Sheffield Utd,0,1.9,0.49,0.7,4,17,6,13,12,15,598,20,5,13,23,3,6,27,68
Tottenham,4,1.0,0.65,0.88,5,14,7,18,4,16,761,13,9,13,20,1,0,22,47
Southampton,1,2.2,0.65,0.78,6,24,0,15,4,20,727,33,14,23,36,1,6,34,70
Bournemouth,3,1.5,0.42,0.68,5,16,4,5,6,6,515,15,13,22,34,4,13,23,53
Wolves,2,1.6,0.46,0.77,4,11,1,9,7,14,597,21,3,14,16,1,10,30,52
Norwich City,3,1.5,0.31,0.74,3,7,6,14,3,2,471,17,8,9,48,1,12,15,62
Manchester Utd,1,1.0,0.43,0.76,4,9,3,14,3,5,512,18,14,15,33,0,5,28,40
Manchester City,4,2.1,0.54,0.88,6,15,2,9,8,10,712,16,3,6,18,1,2,10,48
Newcastle Utd,1,0.9,0.49,0.75,4,13,2,6,6,19,617,13,15,21,18,6,12,16,63
Liverpool,3,2.7,0.73,0.89,8,20,0,5,10,19,989,15,10,24,23,2,4,13,43
Arsenal,2,2.3,0.55,0.81,8,26,7,13,11,19,619,21,5,14,13,3,2,11,44
Everton,3,1.4,0.58,0.78,6,15,3,12,7,17,646,24,9,26,36,1,2,16,74
Burnley,0,0.4,0.37,0.63,2,7,3,14,6,7,450,8,14,18,46,5,5,18,78
Leicester City,3,1.9,0.56,0.79,5,13,1,12,4,10,715,23,7,16,28,2,6,28,59
Chelsea,2,1.7,0.63,0.86,5,13,1,6,3,9,850,16,8,15,16,2,8,20,68
West Ham,2,1.8,0.49,0.82,7,18,3,18,8,8,604,24,4,14,9,2,7,14,52
Crystal Palace,1,1.4,0.53,0.81,5,21,2,19,13,23,561,17,8,14,24,2,4,14,38
Southampton,1,0.7,0.4,0.75,2,11,7,20,2,12,562,27,13,20,49,0,10,22,64
Wolves,1,1.5,0.65,0.79,1,14,1,10,4,16,732,13,3,32,30,1,6,21,75
Liverpool,3,2.5,0.52,0.85,4,24,2,11,6,23,697,24,5,4,16,1,9,19,52
Norwich City,2,1.2,0.46,0.81,5,6,5,11,1,7,638,23,7,11,34,0,10,22,50
Manchester Utd,1,2.4,0.7,0.85,3,21,1,11,8,17,706,10,6,25,12,0,5,22,47
Sheffield Utd,1,0.7,0.49,0.73,3,8,1,11,7,19,569,16,11,24,16,1,9,31,78
Tottenham,0,1.2,0.79,0.88,2,17,2,11,6,25,906,14,5,10,12,1,4,23,27
Brighton,0,0.9,0.52,0.74,3,11,2,12,8,15,558,18,12,20,17,0,5,30,65
Bournemouth,1,1.5,0.26,0.67,7,10,2,8,4,8,388,12,16,14,25,3,5,7,60
Watford,1,2.3,0.55,0.8,3,21,6,18,8,16,622,15,2,13,15,1,4,15,39
Aston Villa,2,0.9,0.37,0.7,3,7,0,10,0,9,453,10,6,17,30,8,11,21,88
Wolves,1,0.3,0.36,0.74,2,7,0,19,4,10,493,17,8,13,19,1,7,20,65
Chelsea,1,1.4,0.5,0.79,5,14,3,11,4,11,621,24,7,17,29,3,9,25,45
Sheffield Utd,1,1.6,0.44,0.76,3,15,4,18,8,9,562,19,8,24,43,0,2,31,71
Manchester City,2,2.9,0.56,0.87,8,30,0,16,13,20,768,15,12,16,14,3,3,12,47
Aston Villa,1,1.7,0.63,0.81,7,22,2,11,10,25,662,13,5,34,22,5,6,26,58
Everton,1,1.0,0.44,0.71,2,12,2,13,4,10,489,23,4,24,54,2,10,28,56
Brighton,1,1.6,0.57,0.8,4,17,2,16,8,16,679,22,8,24,28,2,7,30,56
Norwich City,3,1.4,0.63,0.87,8,15,2,11,7,9,729,19,3,13,32,2,7,15,55
Arsenal,2,0.9,0.67,0.85,9,16,3,13,10,14,698,13,5,15,40,5,13,20,50
Southampton,1,1.6,0.37,0.67,3,11,3,12,5,11,474,21,5,12,48,4,8,26,75
Manchester Utd,4,2.3,0.46,0.82,4,10,7,18,3,8,614,22,8,12,29,2,7,16,53
Leicester City,0,0.6,0.69,0.83,1,17,2,6,12,14,841,28,8,25,22,0,7,24,40
Newcastle Utd,0,0.5,0.39,0.76,2,10,1,13,5,13,538,26,15,22,27,1,7,24,61
Tottenham,3,2.4,0.7,0.86,7,30,3,14,14,21,742,15,3,11,15,1,2,22,44
Crystal Palace,0,0.7,0.35,0.61,2,7,2,18,6,8,439,28,10,27,33,4,10,30,49
Burnley,3,0.7,0.46,0.62,4,9,3,6,2,7,500,22,9,30,64,4,6,36,83
West Ham,0,0.8,0.43,0.81,3,5,4,11,1,10,531,18,4,16,18,2,7,22,48
Watford,0,0.9,0.5,0.78,3,11,1,15,5,9,561,12,7,9,21,0,7,25,44
Bournemouth,1,1.0,0.53,0.77,3,13,2,10,3,12,628,16,4,7,16,1,9,27,57
Norwich City,1,1.0,0.43,0.77,6,13,3,12,2,5,537,17,10,4,31,4,15,27,51
Tottenham,0,0.6,0.52,0.81,3,8,3,10,4,8,700,24,9,10,23,1,7,28,43
Bournemouth,0,0.5,0.48,0.78,2,10,1,10,5,11,595,20,3,22,36,0,10,17,47
Arsenal,1,1.9,0.45,0.75,5,10,3,13,7,17,522,18,6,8,20,4,11,19,59
Everton,0,0.9,0.58,0.75,2,11,2,11,9,10,608,8,6,33,13,1,8,22,69
Sheffield Utd,0,0.5,0.61,0.8,2,9,2,7,7,21,723,22,6,22,32,3,6,23,100
Wolves,2,1.6,0.23,0.67,2,7,2,18,1,5,383,26,10,12,55,2,11,12,61
Crystal Palace,2,2.1,0.48,0.83,2,6,3,10,2,10,631,13,10,19,25,5,3,19,67
Aston Villa,5,2.9,0.43,0.78,10,21,3,18,6,12,515,17,9,8,37,1,10,22,71
Leicester City,1,0.1,0.47,0.75,1,2,6,22,6,12,607,14,9,16,39,2,9,18,63
Newcastle Utd,0,0.2,0.31,0.77,0,3,1,9,0,6,473,16,8,10,33,1,8,22,40
Manchester City,3,3.5,0.63,0.9,10,20,5,10,2,16,780,16,4,14,22,4,5,16,52
Southampton,1,1.6,0.59,0.84,6,15,2,16,6,16,680,22,3,17,22,1,6,22,49
Watford,0,0.9,0.62,0.83,5,14,1,11,6,18,774,16,7,20,13,1,6,32,58
Sheffield Utd,0,0.2,0.47,0.76,0,4,5,14,5,13,558,9,6,37,36,4,5,29,66
Manchester Utd,2,1.9,0.53,0.82,2,6,3,12,3,6,643,21,5,9,15,2,10,18,53
West Ham,2,1.5,0.52,0.77,6,17,3,10,6,13,631,23,4,25,19,2,5,13,77
Brighton,0,0.5,0.47,0.82,1,8,8,19,2,10,656,20,9,13,23,2,5,15,56
Liverpool,3,0.6,0.75,0.88,6,14,1,5,4,12,941,11,4,20,11,1,2,30,71
Norwich City,0,1.1,0.27,0.69,4,5,4,6,0,3,371,10,4,6,25,2,23,13,62
Watford,2,3.4,0.5,0.8,5,18,2,16,8,23,567,11,4,23,12,3,5,23,47
Tottenham,1,0.4,0.52,0.81,2,7,1,17,2,8,646,31,11,18,25,0,12,24,52
Chelsea,3,2.3,0.49,0.83,5,10,2,14,0,16,713,13,9,18,32,3,5,15,94
West Ham,1,1.8,0.44,0.77,2,11,3,10,3,11,588,21,10,16,17,1,9,19,67
Arsenal,0,0.7,0.68,0.85,0,7,2,20,9,21,738,7,2,20,28,1,5,25,46
Bournemouth,3,1.8,0.31,0.68,6,12,4,10,5,19,456,18,9,19,16,1,3,22,49
Wolves,0,0.2,0.37,0.7,1,5,1,18,3,6,527,26,4,23,32,1,7,29,69
Brighton,2,1.1,0.45,0.74,4,15,0,10,7,9,497,10,2,34,40,3,13,18,72
Sheffield Utd,1,1.4,0.28,0.63,3,5,1,16,1,6,390,16,8,17,39,1,8,9,59
Aston Villa,1,1.2,0.39,0.69,4,13,0,15,7,10,408,14,8,16,14,1,8,29,63
Manchester City,4,3.5,0.75,0.88,9,25,0,12,8,18,890,21,6,15,15,3,7,9,54
Crystal Palace,0,0.3,0.47,0.78,3,7,3,17,2,12,549,13,3,15,20,1,8,29,61
Everton,1,0.3,0.49,0.77,2,5,0,19,1,9,592,7,3,31,33,2,9,24,72
Newcastle Utd,0,0.7,0.4,0.73,1,12,3,13,7,13,461,19,5,20,19,1,6,22,58
Leicester City,0,1.7,0.7,0.87,6,24,1,11,13,18,836,12,5,20,12,0,3,15,43
Southampton,2,2.1,0.56,0.7,7,15,3,12,6,5,594,19,5,39,51,1,7,24,74
Burnley,2,1.8,0.59,0.83,8,23,2,17,8,21,601,13,2,29,14,1,4,21,56
Watford,1,1.5,0.61,0.75,3,14,1,12,3,23,619,15,3,28,23,2,6,31,61
Brighton,1,0.8,0.33,0.61,2,10,2,14,2,9,437,26,6,31,33,2,8,18,68
Aston Villa,1,1.5,0.45,0.78,1,16,0,14,5,17,497,13,1,17,19,0,16,17,73
Bournemouth,1,1.7,0.29,0.64,3,14,1,11,5,10,396,11,7,22,12,2,7,20,55
Tottenham,3,1.3,0.48,0.83,5,8,4,13,4,7,575,14,3,15,17,1,8,20,51
Wolves,1,1.1,0.54,0.75,5,14,0,10,8,9,556,8,8,19,25,1,6,23,76
Manchester Utd,2,1.8,0.58,0.88,5,17,5,16,6,10,780,16,12,17,18,0,8,14,41
Norwich City,0,0.0,0.33,0.77,0,2,4,13,1,5,512,17,3,14,18,1,16,14,51
Liverpool,1,2.8,0.69,0.84,8,24,0,10,13,17,777,10,6,20,8,4,3,25,74
Everton,0,0.3,0.44,0.82,2,6,5,10,2,10,561,15,3,9,27,0,6,14,49
Southampton,2,1.6,0.54,0.79,5,9,2,19,6,12,643,16,5,7,18,0,8,20,61
Arsenal,1,0.8,0.62,0.88,4,13,6,15,5,12,759,13,3,12,18,0,4,8,42
Leicester City,1,1.2,0.56,0.78,5,13,1,15,6,13,703,19,7,21,15,1,7,28,73
Burnley,1,0.8,0.29,0.58,2,6,8,8,6,10,396,10,10,15,40,3,15,12,86
Crystal Palace,0,1.3,0.54,0.78,5,9,7,24,1,18,540,18,3,17,15,0,4,18,42
Chelsea,0,0.9,0.75,0.86,4,15,1,6,6,23,942,9,5,29,26,0,7,32,79
Manchester City,5,5.0,0.7,0.89,8,26,0,3,7,15,931,20,6,10,14,1,4,20,70
West Ham,4,2.7,0.48,0.83,7,18,2,10,6,18,586,15,3,12,12,0,10,14,66
Newcastle Utd,1,1.4,0.51,0.72,4,8,2,17,4,8,484,17,4,23,30,3,4,16,81
Liverpool,3,1.9,0.56,0.79,8,20,1,18,10,20,646,13,4,16,21,0,7,25,70
Southampton,1,2.4,0.61,0.82,4,16,2,15,5,17,652,13,6,15,18,2,6,16,68
Tottenham,0,0.6,0.63,0.82,0,9,2,16,12,12,685,18,1,26,52,0,1,17,62
Wolves,0,0.4,0.56,0.8,1,6,2,10,1,12,694,10,4,19,34,0,11,21,81
Manchester Utd,3,2.6,0.66,0.88,5,13,1,17,5,9,764,12,5,15,12,1,9,19,61
Chelsea,3,1.9,0.57,0.82,6,14,1,11,9,9,709,23,11,15,23,0,5,20,64
Leicester City,1,1.7,0.61,0.82,5,13,6,16,1,16,698,16,2,20,26,1,7,22,70
Norwich City,1,1.4,0.57,0.82,3,13,2,17,3,6,654,15,4,17,33,0,8,16,54
Newcastle Utd,0,0.2,0.26,0.73,1,6,6,9,1,6,402,13,7,5,21,0,9,13,57
Manchester City,0,2.9,0.72,0.87,6,26,3,8,13,29,966,18,7,19,15,3,2,23,72
Everton,0,0.4,0.48,0.79,3,11,2,19,6,16,547,10,4,24,24,2,9,16,50
Aston Villa,0,0.5,0.3,0.63,3,9,2,11,5,13,419,14,12,17,32,5,5,23,68
West Ham,2,1.6,0.43,0.76,7,17,2,11,4,16,529,16,7,25,16,1,7,24,65
Sheffield Utd,1,1.3,0.51,0.71,3,10,4,18,9,21,590,15,2,22,41,1,10,25,82
Bournemouth,2,1.2,0.31,0.73,2,6,5,18,3,7,411,10,7,11,19,4,7,15,44
Arsenal,2,1.2,0.47,0.82,4,8,1,13,5,9,615,27,6,16,38,0,9,11,58
Watford,0,0.4,0.3,0.74,3,6,6,14,3,7,433,19,7,11,24,2,6,16,53
Burnley,1,1.0,0.47,0.74,4,8,3,9,3,12,580,14,5,27,50,5,10,21,60
Crystal Palace,0,0.5,0.47,0.77,1,7,0,10,7,8,611,19,5,25,9,1,7,25,63
Liverpool,0,1.3,0.52,0.84,3,11,2,8,3,14,664,16,10,9,17,2,5,18,66
Tottenham,1,1.0,0.68,0.82,2,9,2,15,6,17,791,17,6,18,9,1,7,21,73
Norwich City,0,0.2,0.48,0.79,3,8,4,11,2,1,547,19,3,8,19,2,10,19,58
Newcastle Utd,4,1.5,0.45,0.77,7,12,0,12,3,2,540,18,6,17,15,1,10,14,78
Leicester City,1,1.6,0.64,0.83,3,15,1,10,5,19,740,17,0,19,9,1,3,24,47
Chelsea,2,1.6,0.7,0.87,5,16,1,9,3,23,801,20,3,18,20,2,5,19,33
Brighton,1,0.5,0.42,0.81,2,7,1,14,2,9,564,17,3,9,18,0,7,22,52
Manchester Utd,3,0.8,0.62,0.88,6,13,2,10,5,10,748,13,5,5,15,2,9,26,54
Burnley,1,0.5,0.43,0.74,4,8,4,14,1,7,517,19,1,23,32,0,8,20,72
Bournemouth,0,0.1,0.46,0.75,0,4,1,15,4,9,499,21,2,20,17,2,9,26,52
Watford,0,0.7,0.46,0.61,3,10,3,16,7,18,478,12,2,34,30,1,4,38,78
Everton,1,0.8,0.53,0.79,5,12,1,14,5,14,636,17,8,24,23,1,4,21,68
Arsenal,2,2.7,0.47,0.8,5,10,3,15,6,10,532,10,6,15,31,1,10,22,45
Wolves,1,0.4,0.52,0.8,2,9,1,17,2,9,571,10,1,23,12,2,16,19,94
Manchester City,1,0.5,0.65,0.89,2,10,5,4,7,15,817,10,1,5,12,1,4,16,69
Southampton,3,1.1,0.51,0.76,7,11,0,10,2,6,634,18,8,37,73,1,5,30,78
Crystal Palace,0,0.2,0.27,0.69,0,3,3,7,0,0,458,21,3,12,20,1,16,14,65
Aston Villa,1,1.1,0.5,0.74,2,14,2,17,9,20,522,6,3,29,14,0,6,17,50
West Ham,0,0.8,0.36,0.73,2,10,3,11,4,11,493,16,6,18,22,2,15,10,77
Sheffield Utd,0,0.2,0.32,0.79,1,4,4,11,5,11,456,12,4,7,21,2,6,6,49
Liverpool,0,0.8,0.7,0.84,3,10,3,13,6,8,733,20,2,27,11,1,6,27,60
Chelsea,2,1.3,0.73,0.84,5,19,3,17,10,24,831,9,2,23,22,0,4,27,69
Brighton,0,1.2,0.33,0.71,1,9,2,17,7,5,440,18,12,17,28,0,10,20,57
Crystal Palace,2,0.6,0.41,0.78,2,7,1,20,4,3,494,20,5,13,37,3,10,16,59
Sheffield Utd,0,0.4,0.53,0.81,1,6,5,11,4,14,619,15,1,20,18,1,3,20,61
Burnley,0,0.0,0.29,0.77,0,1,2,11,1,2,407,12,4,12,18,2,12,13,74
Arsenal,1,1.3,0.58,0.86,6,13,3,8,7,9,633,6,4,11,32,4,5,19,37
Leicester City,1,0.8,0.67,0.78,2,15,3,12,7,15,720,28,4,18,29,3,6,23,48
Wolves,2,0.7,0.58,0.81,6,10,2,7,7,11,654,18,4,24,23,1,4,26,71
Everton,0,0.6,0.39,0.79,2,4,7,13,1,7,524,18,5,17,13,1,4,15,50
Arsenal,0,0.2,0.33,0.81,0,2,8,6,2,7,428,13,12,2,12,5,8,10,34
Aston Villa,0,0.5,0.36,0.68,1,4,3,13,0,5,455,23,8,15,20,2,10,26,55
Manchester City,0,0.6,0.72,0.87,4,7,4,11,11,15,891,16,7,10,10,2,2,27,67
Southampton,3,1.7,0.45,0.7,8,22,1,16,7,4,501,25,3,25,22,1,5,27,60
Tottenham,1,1.2,0.54,0.75,1,12,6,14,5,13,659,15,5,23,48,0,9,19,77
Manchester Utd,1,1.7,0.6,0.81,5,11,2,20,6,11,723,16,12,18,16,3,8,20,36
Sheffield Utd,0,0.3,0.54,0.78,1,5,6,18,4,13,613,18,3,35,31,0,10,21,71
Watford,0,0.5,0.56,0.74,3,9,1,19,8,17,615,24,4,29,22,1,6,24,50
Newcastle Utd,1,2.8,0.61,0.79,6,13,3,15,8,9,660,18,4,19,29,2,8,21,60
West Ham,0,1.7,0.33,0.66,6,14,1,10,7,18,420,13,11,25,22,2,8,20,55
Wolves,3,2.6,0.35,0.75,4,14,2,15,5,8,491,26,15,15,36,0,5,19,70
Norwich City,0,1.4,0.57,0.81,3,12,2,11,5,7,705,15,7,27,58,3,5,32,72
Bournemouth,1,1.3,0.27,0.58,3,6,4,15,4,9,398,16,8,20,34,5,8,16,58
Brighton,0,0.3,0.57,0.83,1,7,1,10,0,12,780,23,11,17,26,0,9,33,69
Manchester Utd,1,1.0,0.55,0.77,5,14,4,11,8,8,604,15,9,17,28,1,6,25,50
Burnley,0,0.8,0.46,0.64,1,8,4,13,7,7,507,21,2,37,26,2,7,28,71
Southampton,1,0.9,0.65,0.75,2,10,4,12,9,16,698,15,8,29,28,1,9,25,64
Liverpool,0,0.3,0.69,0.82,1,8,2,8,5,16,830,8,10,18,22,1,7,21,51
Chelsea,2,1.9,0.73,0.86,6,23,3,7,14,22,983,23,6,26,34,2,5,22,56
Crystal Palace,1,2.1,0.36,0.68,3,12,8,14,7,3,473,32,9,19,27,3,10,32,48
Leicester City,0,1.2,0.58,0.82,4,19,5,20,7,15,630,20,12,16,10,0,4,27,52
Norwich City,0,0.4,0.6,0.85,3,6,2,7,1,5,737,20,6,11,22,0,6,27,50
Watford,0,0.3,0.43,0.74,2,7,5,19,5,13,565,18,14,12,10,1,13,22,58
Newcastle Utd,0,0.2,0.55,0.77,2,8,7,14,5,14,616,25,3,11,23,3,11,18,65
Bournemouth,0,1.6,0.57,0.77,4,12,7,11,3,11,602,14,5,20,36,1,5,23,47
Brighton,1,1.0,0.34,0.68,2,8,2,10,2,4,481,20,8,24,71,2,10,32,53
Manchester City,1,2.2,0.67,0.87,6,17,3,14,7,8,804,14,8,9,20,1,4,21,53
Everton,2,1.9,0.49,0.83,5,17,1,14,3,12,579,22,1,16,12,1,6,17,43
West Ham,2,0.7,0.32,0.64,4,7,4,11,8,14,460,26,9,23,47,2,17,14,66
Aston Villa,0,0.5,0.54,0.71,1,4,6,18,6,9,559,13,3,26,26,2,10,25,73
Tottenham,1,0.4,0.52,0.81,3,5,5,18,5,5,719,17,4,18,23,0,9,30,56
Tottenham,3,3.5,0.45,0.77,9,22,3,12,7,7,574,25,8,15,34,0,6,19,50
West Ham,0,0.1,0.22,0.7,0,3,4,9,1,10,393,14,14,11,43,3,9,12,43
Liverpool,1,1.9,0.64,0.82,6,17,1,11,7,21,769,15,10,11,21,0,5,28,69
Newcastle Utd,0,0.9,0.32,0.79,2,10,2,13,6,10,416,16,5,16,20,3,13,9,44
Manchester Utd,2,0.8,0.39,0.78,3,9,0,13,8,9,535,11,9,15,25,0,7,16,44
Leicester City,0,0.6,0.57,0.84,3,9,3,14,0,13,652,23,8,21,24,0,10,20,40
Bournemouth,1,1.3,0.45,0.72,2,10,3,10,4,9,580,11,5,29,54,1,8,22,60
Burnley,2,0.6,0.38,0.62,6,8,1,13,2,7,475,17,4,16,45,3,5,40,73
Crystal Palace,1,1.1,0.53,0.75,2,10,4,14,6,9,595,24,4,26,17,2,6,30,50
Watford,1,0.3,0.34,0.66,3,6,1,14,2,10,451,23,7,18,32,1,11,22,72
Arsenal,0,1.0,0.57,0.81,2,13,2,13,7,14,624,18,2,22,42,1,12,20,63
Wolves,0,0.9,0.36,0.78,3,13,5,16,6,11,513,26,14,10,32,1,7,12,56
Manchester City,0,3.0,0.67,0.87,3,17,1,16,6,16,833,18,8,13,17,0,1,19,44
Sheffield Utd,1,0.6,0.38,0.71,3,9,3,17,5,8,478,17,5,18,35,0,8,16,70
Norwich City,0,1.4,0.57,0.78,4,20,5,18,12,14,647,15,8,27,22,0,7,14,53
Chelsea,2,0.4,0.51,0.8,3,7,2,14,6,11,655,19,5,14,37,1,7,29,63
Liverpool,2,2.5,0.69,0.87,4,12,4,6,7,11,937,15,8,11,12,0,6,18,54
Everton,3,2.1,0.55,0.74,5,12,0,14,4,17,601,27,5,31,45,2,9,18,77
Brighton,3,2.0,0.65,0.85,6,19,3,10,6,19,752,21,8,25,44,1,8,20,66
Aston Villa,1,1.3,0.6,0.75,5,18,4,17,8,11,621,14,5,22,20,3,6,27,83
Liverpool,2,1.5,0.54,0.84,6,13,2,14,4,7,714,16,5,13,30,0,5,13,55
Southampton,0,1.0,0.39,0.67,4,18,5,16,11,11,499,21,6,16,31,5,4,14,67
Burnley,2,0.6,0.3,0.6,2,5,7,10,2,7,415,15,17,18,22,2,11,19,74
West Ham,1,1.6,0.33,0.69,1,5,4,20,8,5,418,16,8,18,25,1,8,23,49
Newcastle Utd,2,0.8,0.44,0.79,2,9,5,11,4,8,626,14,17,21,44,0,5,20,56
Manchester City,1,2.9,0.67,0.85,4,17,1,15,13,11,764,9,9,19,18,1,3,23,55
Watford,1,1.3,0.36,0.65,3,8,3,21,3,12,484,26,19,28,36,3,11,24,64
Norwich City,1,1.6,0.48,0.79,1,11,1,9,3,6,624,20,8,14,20,0,9,18,64
Arsenal,2,0.5,0.4,0.78,2,2,6,8,5,7,537,16,6,13,35,1,9,23,60
Brighton,1,1.2,0.66,0.83,7,21,1,14,8,12,745,17,6,17,21,1,6,33,48
Leicester City,1,2.4,0.56,0.79,7,18,3,10,5,15,672,24,1,26,25,0,7,22,66
Manchester Utd,0,1.2,0.47,0.78,3,8,2,12,5,13,615,16,7,8,32,3,9,22,37
Southampton,2,1.3,0.55,0.72,6,15,0,13,8,11,621,20,7,27,42,1,8,32,84
Chelsea,0,2.0,0.69,0.83,4,19,1,15,10,19,810,15,8,17,15,2,5,24,42
Sheffield Utd,1,0.7,0.4,0.69,3,11,3,18,5,9,497,23,5,23,22,1,11,19,61
Bournemouth,0,0.9,0.35,0.67,3,7,3,11,5,8,456,15,12,33,19,3,12,17,64
Manchester City,6,2.5,0.7,0.92,10,21,0,12,4,14,981,16,4,9,12,0,4,12,41
Everton,1,1.2,0.51,0.77,2,10,4,16,6,14,626,23,8,25,28,1,8,12,60
Crystal Palace,2,0.5,0.27,0.66,3,5,4,8,2,4,428,25,4,20,44,1,14,10,72
Aston Villa,1,0.7,0.45,0.72,3,8,1,15,4,16,575,31,15,16,17,4,6,27,63
Watford,3,2.0,0.44,0.72,5,18,1,19,5,12,569,20,7,40,47,6,11,16,59
Liverpool,1,1.9,0.67,0.87,6,13,4,8,3,18,909,20,7,12,23,2,8,21,49
Tottenham,0,1.6,0.57,0.83,4,17,1,14,3,6,669,21,3,20,55,2,12,17,51
Wolves,3,1.7,0.44,0.68,3,7,3,13,3,8,517,22,8,30,57,2,6,23,76
Brighton,0,1.2,0.48,0.75,2,9,5,10,3,13,601,17,5,19,41,2,8,28,85
Norwich City,0,0.3,0.39,0.8,3,8,2,11,2,2,574,25,14,6,26,0,7,16,55
Newcastle Utd,1,0.3,0.35,0.73,1,5,2,14,2,8,452,19,3,18,39,1,9,22,59
Sheffield Utd,0,0.8,0.26,0.73,2,3,5,17,4,6,451,15,13,7,44,3,6,14,54
Arsenal,1,1.3,0.57,0.79,4,7,1,24,4,4,650,14,11,9,38,1,10,33,68
Burnley,0,0.4,0.35,0.71,1,7,5,6,3,8,430,13,8,24,32,6,10,17,62
Southampton,2,2.3,0.43,0.61,8,16,4,18,4,8,488,24,17,21,34,2,6,34,67
West Ham,0,0.7,0.54,0.74,2,7,2,7,3,7,661,16,11,38,27,1,14,32,77
Manchester Utd,0,0.8,0.51,0.84,4,10,2,16,4,9,667,12,13,9,3,0,6,27,31
Crystal Palace,1,1.5,0.6,0.8,3,13,3,12,5,10,704,14,3,25,10,1,7,35,50
Wolves,1,1.4,0.63,0.82,4,15,1,8,7,24,710,21,2,14,15,0,7,11,65
Bournemouth,0,0.3,0.58,0.85,2,3,3,12,2,12,764,25,6,25,19,2,8,19,41
Tottenham,0,0.5,0.58,0.74,3,9,2,9,9,16,680,24,9,20,45,5,5,31,66
Everton,1,1.2,0.35,0.77,2,7,5,15,6,1,524,14,12,24,12,1,5,18,67
Leicester City,3,1.7,0.76,0.9,9,16,2,13,5,11,967,16,14,25,22,4,1,20,45
Aston Villa,2,0.9,0.38,0.7,6,11,0,16,4,8,474,15,5,28,42,1,13,17,79
Chelsea,1,1.6,0.52,0.8,4,16,4,17,3,12,713,28,10,16,31,3,7,27,66
Sheffield Utd,0,1.1,0.29,0.72,0,8,2,8,5,11,450,17,6,11,23,5,8,14,60
Crystal Palace,1,0.2,0.41,0.72,3,5,4,12,4,4,487,17,6,22,37,2,6,22,49
Leicester City,2,2.2,0.57,0.82,6,11,3,4,5,13,684,11,17,14,30,4,7,31,57
Tottenham,2,1.8,0.58,0.8,6,14,1,10,6,8,724,22,9,19,24,3,4,22,54
Wolves,0,0.6,0.37,0.72,2,10,2,6,6,10,509,22,12,25,28,5,13,24,71
Manchester Utd,2,1.8,0.62,0.81,4,14,1,11,4,9,634,7,1,22,18,2,9,21,53
Chelsea,2,1.5,0.58,0.83,4,13,1,20,3,17,725,24,6,17,21,1,6,25,60
Everton,2,3.5,0.57,0.77,9,21,4,16,8,15,612,16,7,21,37,2,8,18,69
Manchester City,2,1.6,0.38,0.77,2,6,5,14,1,0,473,17,8,10,28,1,11,12,54
Aston Villa,0,0.5,0.51,0.78,2,11,3,12,3,17,590,12,2,18,25,4,6,21,56
Bournemouth,0,0.6,0.44,0.79,2,10,2,13,2,6,554,18,8,21,35,0,10,18,45
Liverpool,4,3.1,0.59,0.83,5,14,0,9,8,14,748,19,5,13,11,3,3,24,65
Brighton,1,0.6,0.46,0.79,5,11,3,10,2,11,585,22,6,18,28,0,4,17,60
Southampton,2,0.7,0.34,0.66,3,5,4,13,1,6,552,33,9,26,45,2,7,21,73
Norwich City,0,1.1,0.57,0.83,5,16,1,13,8,15,666,11,4,21,38,0,8,19,59
Watford,1,0.7,0.42,0.7,2,5,3,9,1,7,550,14,7,29,48,1,9,24,79
Arsenal,1,1.5,0.62,0.86,2,17,5,16,3,19,751,12,12,17,19,0,7,24,52
Burnley,0,0.4,0.32,0.61,0,6,4,15,2,5,393,18,4,36,43,1,8,18,76
West Ham,1,0.9,0.42,0.72,2,10,2,15,6,8,557,26,17,15,26,2,9,20,70
Newcastle Utd,1,0.9,0.27,0.73,2,7,6,9,0,0,417,22,6,14,21,1,12,19,60
Chelsea,2,1.4,0.54,0.81,2,12,1,12,5,13,707,13,9,14,20,2,4,23,72
Leicester City,1,1.0,0.38,0.79,2,5,9,10,0,7,539,17,16,9,17,3,8,17,49
Burnley,1,0.2,0.37,0.59,1,2,0,22,5,7,383,15,8,18,32,0,10,31,69
Wolves,2,1.3,0.48,0.81,4,14,4,15,11,12,560,15,3,14,32,2,9,17,68
Sheffield Utd,1,1.3,0.31,0.67,2,7,2,14,3,2,432,21,6,30,36,3,13,19,84
Southampton,3,3.1,0.43,0.68,8,17,5,18,5,19,504,17,8,25,34,3,8,21,76
Crystal Palace,0,1.4,0.58,0.83,4,16,2,11,5,11,655,16,3,18,23,0,8,27,56
Manchester Utd,0,1.7,0.63,0.83,8,17,1,11,4,9,698,16,7,30,44,4,4,18,47
Arsenal,0,0.7,0.57,0.83,2,6,0,14,4,8,639,21,4,15,25,1,11,30,63
Brighton,1,2.3,0.66,0.82,10,15,3,15,7,24,765,17,4,12,12,1,5,36,61
Bournemouth,1,0.8,0.35,0.63,2,8,4,14,4,9,492,6,11,21,38,1,7,26,63
Tottenham,2,0.9,0.43,0.72,5,9,4,10,2,9,545,19,6,22,35,1,7,17,64
Manchester City,3,1.8,0.58,0.9,7,14,1,24,3,7,804,19,6,13,18,1,4,19,45
Everton,1,0.3,0.35,0.65,3,8,7,13,5,11,431,25,8,10,31,3,11,19,68
Newcastle Utd,0,0.7,0.51,0.72,0,9,3,12,3,19,539,19,11,27,25,1,7,18,80
West Ham,1,1.0,0.44,0.61,4,10,2,15,8,12,523,20,6,35,40,2,12,24,90
Norwich City,1,1.7,0.44,0.78,3,10,4,15,4,6,560,25,10,15,30,1,12,23,61
Aston Villa,0,1.1,0.43,0.7,0,7,1,9,2,6,551,13,4,32,52,1,11,32,80
Watford,0,1.4,0.32,0.63,2,8,4,10,3,8,477,26,16,15,35,5,11,15,65
Arsenal,3,1.7,0.65,0.87,3,10,4,6,3,10,830,12,3,19,24,0,8,26,55
Wolves,2,1.6,0.39,0.73,5,13,2,10,4,5,481,15,10,17,8,3,11,21,65
Sheffield Utd,2,0.7,0.43,0.7,3,9,3,16,1,11,578,19,12,27,33,2,5,27,86
Burnley,0,0.5,0.52,0.78,1,7,2,11,1,13,629,14,4,19,20,2,5,23,67
Leicester City,4,4.4,0.58,0.84,8,24,1,14,5,20,637,18,10,21,35,1,8,14,53
Manchester Utd,2,1.6,0.29,0.75,6,10,4,12,3,8,443,22,9,13,44,0,14,14,37
Liverpool,3,2.3,0.74,0.87,9,21,0,6,3,17,973,12,5,17,18,1,5,25,74
Southampton,1,2.3,0.53,0.75,4,19,4,18,12,15,586,23,4,38,31,1,5,25,69
Crystal Palace,0,0.2,0.49,0.74,0,3,3,17,2,8,533,18,8,19,51,1,7,18,65
Norwich City,1,0.8,0.6,0.81,3,10,3,8,1,4,750,15,10,24,48,1,5,41,67
Brighton,2,2.3,0.51,0.79,9,20,4,11,9,12,564,16,7,21,23,0,5,16,53
Tottenham,1,0.5,0.53,0.78,5,8,4,9,3,14,665,19,11,16,45,1,6,28,62
Watford,0,0.2,0.39,0.69,1,4,2,20,2,14,498,14,5,23,33,1,4,27,62
Everton,2,1.5,0.43,0.71,4,11,0,21,6,18,495,19,9,28,19,2,5,22,55
Newcastle Utd,2,0.8,0.28,0.63,4,6,7,8,1,5,414,18,6,28,35,2,10,21,67
Aston Villa,1,0.7,0.36,0.77,3,9,6,11,5,12,539,27,8,20,38,1,8,19,51
West Ham,0,0.5,0.51,0.79,3,6,5,13,4,12,640,19,12,15,19,2,6,18,53
Chelsea,1,0.9,0.71,0.85,4,15,4,10,5,20,789,17,7,23,29,3,6,26,60
Manchester City,4,1.8,0.75,0.87,8,17,1,6,6,13,922,13,4,13,14,2,5,21,56
Aston Villa,2,1.4,0.38,0.68,3,9,5,11,9,6,464,21,9,9,24,2,10,15,67
Bournemouth,0,0.3,0.68,0.86,2,6,1,17,10,13,726,25,6,26,50,0,6,18,50
Sheffield Utd,1,1.0,0.42,0.74,4,10,3,19,2,17,537,20,15,24,40,3,5,21,67
Arsenal,2,2.0,0.6,0.82,5,15,5,14,12,18,705,17,10,11,12,0,7,28,56
Watford,1,0.7,0.37,0.65,3,6,2,13,7,13,486,19,4,20,47,3,7,26,59
West Ham,1,0.8,0.35,0.72,4,5,5,23,3,9,509,23,9,19,37,0,11,13,70
Everton,1,0.9,0.3,0.68,3,11,4,10,4,11,443,21,11,17,49,3,10,19,63
Crystal Palace,2,0.8,0.56,0.75,2,7,3,11,6,5,630,13,8,31,34,1,8,25,64
Brighton,1,1.0,0.57,0.83,6,12,5,11,5,11,727,12,6,10,23,7,3,29,58
Bournemouth,2,1.4,0.48,0.76,6,19,2,15,8,13,576,8,15,13,12,0,8,20,54
Manchester City,2,2.6,0.76,0.86,7,24,1,7,10,19,916,12,9,18,13,3,5,22,45
Manchester Utd,3,1.4,0.59,0.82,5,11,5,11,3,7,737,7,7,26,34,1,7,25,55
Newcastle Utd,0,0.6,0.39,0.75,5,11,6,10,6,13,463,13,10,16,31,2,10,24,63
Liverpool,2,1.4,0.59,0.81,4,11,5,9,8,9,662,23,3,19,39,0,9,27,60
Chelsea,1,1.1,0.53,0.88,2,11,2,11,2,8,770,24,9,5,21,4,11,10,44
Leicester City,2,3.4,0.46,0.82,8,18,0,4,7,10,566,16,12,10,30,1,7,15,55
Norwich City,2,1.8,0.44,0.7,5,13,7,11,7,6,499,21,11,23,35,0,11,22,67
Burnley,3,2.3,0.36,0.64,4,11,3,14,5,8,389,6,5,17,58,2,9,15,72
Wolves,2,1.4,0.53,0.86,7,17,1,13,9,17,665,13,6,22,46,4,6,20,70
Tottenham,3,1.6,0.52,0.8,7,15,3,18,6,9,607,20,5,30,24,6,7,12,55
Southampton,2,2.8,0.4,0.74,4,20,3,24,8,11,493,24,10,7,25,1,3,20,50
Aston Villa,1,0.7,0.51,0.76,4,13,3,12,3,20,539,24,9,12,15,1,10,21,54
Arsenal,0,0.8,0.5,0.82,1,8,5,16,4,12,598,22,4,4,12,2,11,19,53
Everton,2,1.9,0.54,0.74,5,24,2,14,9,12,559,26,5,30,29,0,7,28,67
Sheffield Utd,1,1.0,0.4,0.75,4,14,4,13,4,12,552,26,9,13,35,6,11,21,70
Bournemouth,1,2.3,0.66,0.85,3,15,7,7,4,21,722,13,8,17,39,1,5,25,55
Manchester City,1,1.3,0.55,0.8,3,18,2,4,13,23,664,20,1,17,29,5,6,17,55
Brighton,1,0.9,0.56,0.79,2,5,8,16,2,9,626,27,8,10,16,4,8,25,50
West Ham,0,0.4,0.6,0.75,4,7,9,11,4,13,599,13,6,24,25,0,6,20,80
Newcastle Utd,3,1.5,0.3,0.65,9,12,4,9,3,8,405,15,16,13,47,3,11,8,69
Liverpool,2,2.6,0.72,0.83,6,25,1,10,10,22,835,18,6,25,38,2,4,31,58
Chelsea,2,2.6,0.66,0.89,10,16,2,7,6,7,933,19,7,10,19,0,8,18,57
Wolves,1,1.5,0.42,0.77,8,25,3,20,9,16,560,18,7,16,36,2,8,22,56
Crystal Palace,0,0.2,0.39,0.8,1,3,4,17,0,6,525,23,7,13,34,0,12,17,51
Tottenham,1,0.5,0.54,0.78,2,4,2,10,2,6,606,26,8,16,26,2,11,33,56
Leicester City,2,1.4,0.56,0.81,5,14,3,17,6,11,590,20,9,20,30,1,7,21,53
Norwich City,0,0.4,0.42,0.79,0,7,3,11,3,0,522,19,8,3,19,1,15,18,46
Watford,2,0.8,0.34,0.74,2,12,5,16,4,7,473,28,10,11,38,0,8,13,57
Southampton,1,0.7,0.25,0.63,3,3,2,10,0,3,428,26,8,19,64,0,13,13,65
Tottenham,1,1.4,0.34,0.67,4,11,11,12,3,7,472,18,2,13,46,4,8,23,57
Manchester Utd,0,0.7,0.57,0.76,4,15,5,13,10,10,655,19,8,10,23,4,7,27,62
Wolves,1,1.0,0.57,0.83,5,14,1,18,6,17,688,19,10,24,25,2,8,18,49
Crystal Palace,2,1.7,0.45,0.76,3,9,4,9,5,12,499,16,7,26,29,1,12,13,64
Burnley,0,0.8,0.56,0.74,1,6,2,13,6,7,608,7,2,36,30,0,10,28,85
Manchester Utd,3,4.1,0.54,0.82,9,19,2,11,10,8,648,27,8,5,15,0,5,21,55
Chelsea,4,1.0,0.63,0.85,7,16,3,10,6,10,835,13,7,17,38,0,11,22,58
Everton,2,0.7,0.45,0.8,6,10,2,15,5,6,574,16,16,11,19,2,5,25,53
Bournemouth,0,1.1,0.6,0.82,5,15,3,10,10,10,670,18,6,13,20,3,7,18,53
Sheffield Utd,1,1.7,0.39,0.72,4,11,3,11,4,10,507,8,4,21,48,4,7,20,70
Aston Villa,0,0.9,0.36,0.79,5,11,7,6,7,11,490,8,11,3,34,2,12,14,51
Leicester City,9,3.7,0.71,0.87,15,23,3,14,7,19,855,26,5,11,23,0,7,24,50
Arsenal,0,0.8,0.67,0.85,3,9,1,14,12,18,773,17,5,14,22,1,7,24,68
Manchester City,2,2.2,0.71,0.87,9,21,1,12,8,19,833,14,9,21,26,2,5,21,57
Liverpool,1,1.1,0.66,0.85,4,10,1,15,1,18,799,22,9,22,41,1,4,18,49
Southampton,1,1.6,0.43,0.76,5,14,0,18,3,7,526,16,11,19,37,2,7,16,60
Burnley,1,1.4,0.38,0.74,4,13,1,12,4,8,479,16,8,26,29,3,10,35,44
Brighton,1,1.2,0.51,0.83,6,20,6,20,5,15,620,10,12,16,26,0,12,12,47
Watford,1,0.8,0.31,0.69,2,7,1,9,2,2,475,23,12,16,59,1,8,15,76
Newcastle Utd,0,0.3,0.29,0.69,0,5,6,13,0,10,409,15,13,10,38,1,11,15,52
Norwich City,0,0.4,0.52,0.82,1,10,2,12,7,9,635,11,7,23,43,2,11,22,68
Manchester Utd,0,0.6,0.68,0.84,2,12,0,13,6,16,716,15,4,21,15,2,8,27,51
West Ham,0,0.9,0.48,0.73,4,9,8,16,2,5,549,16,8,21,30,4,6,29,65
Chelsea,4,1.9,0.58,0.77,7,14,1,15,4,9,681,27,9,26,40,0,7,33,63
Burnley,2,1.5,0.39,0.66,3,10,1,18,3,4,409,18,8,21,21,0,13,21,71
Liverpool,1,1.9,0.7,0.85,4,16,2,4,5,9,852,15,4,27,37,1,9,23,76
Norwich City,0,0.5,0.55,0.82,3,10,1,11,5,6,676,20,7,9,20,1,8,21,60
Liverpool,2,0.9,0.45,0.73,3,6,1,12,3,13,562,9,7,16,44,1,11,30,67
Aston Villa,2,1.1,0.41,0.78,9,14,2,15,4,23,470,18,9,7,27,0,12,8,48
Wolves,1,0.9,0.49,0.77,4,13,4,9,7,16,603,30,21,18,16,0,9,20,55
Manchester Utd,0,1.0,0.52,0.8,4,10,4,12,7,11,621,15,7,16,26,1,10,21,44
Brighton,0,1.0,0.7,0.88,2,16,4,10,3,17,865,15,7,16,22,3,8,21,56
Sheffield Utd,2,0.2,0.3,0.62,1,2,3,10,3,8,411,22,5,23,76,1,14,22,69
Watford,0,0.3,0.32,0.78,4,5,4,12,4,2,457,14,7,4,21,1,9,16,56
Tottenham,1,1.2,0.56,0.79,5,11,5,16,2,18,659,18,4,10,31,3,11,21,47
Norwich City,0,0.6,0.58,0.81,2,11,4,11,3,8,657,23,2,12,16,0,8,20,62
Burnley,1,0.6,0.36,0.63,1,7,4,10,6,10,458,18,6,20,41,2,12,31,69
West Ham,0,0.5,0.53,0.82,1,13,4,13,4,15,628,22,5,20,18,2,8,27,62
Arsenal,2,0.9,0.49,0.85,4,7,8,8,1,5,587,11,8,6,15,0,16,14,41
Southampton,1,1.3,0.51,0.77,7,12,4,8,6,6,642,12,6,17,41,1,10,23,59
Crystal Palace,0,0.7,0.35,0.77,7,11,2,12,3,6,473,14,15,10,21,0,11,16,47
Bournemouth,3,1.2,0.35,0.64,3,6,6,11,5,3,473,12,6,24,55,2,15,22,66
Everton,1,1.4,0.58,0.76,5,14,2,15,7,17,650,21,9,23,33,0,3,28,70
Chelsea,5,1.9,0.54,0.86,6,15,3,14,5,11,734,21,13,20,41,1,7,26,52
Manchester City,2,2.2,0.69,0.85,8,26,0,8,16,17,819,14,9,15,12,0,2,16,42
Leicester City,0,0.4,0.57,0.79,3,9,4,16,9,12,634,26,9,18,32,2,7,26,69
Brighton,0,0.5,0.46,0.85,2,7,2,9,1,14,618,15,13,6,13,3,12,15,45
Watford,1,1.3,0.51,0.78,3,13,3,13,5,3,659,17,12,19,39,0,7,17,68
Newcastle Utd,1,0.4,0.27,0.69,1,8,5,8,1,5,442,21,6,15,22,8,13,15,57
Tottenham,2,2.1,0.45,0.77,8,12,6,22,6,7,522,17,7,11,23,1,15,12,58
Wolves,2,1.3,0.42,0.65,5,8,3,11,7,11,480,22,10,26,23,2,6,25,71
Liverpool,3,1.1,0.63,0.77,6,15,2,16,4,17,686,14,8,18,26,1,8,22,79
Bournemouth,1,0.9,0.44,0.75,2,9,2,13,5,11,593,18,10,19,22,1,7,22,42
Sheffield Utd,2,1.1,0.37,0.79,2,8,3,12,4,8,556,15,15,21,32,0,5,18,79
Norwich City,0,1.3,0.51,0.85,3,8,5,13,2,10,646,14,5,6,19,3,6,22,33
Aston Villa,0,0.3,0.47,0.81,2,10,4,15,2,9,523,15,6,11,36,0,11,25,48
Manchester Utd,1,1.6,0.6,0.8,8,21,1,9,3,22,723,20,4,18,26,1,10,37,45
Burnley,1,1.2,0.35,0.64,2,12,1,16,3,11,447,12,9,21,38,1,11,12,77
Arsenal,1,0.9,0.48,0.85,3,9,2,6,4,8,671,19,8,11,33,5,10,19,48
Chelsea,3,2.1,0.54,0.84,8,24,3,8,8,14,707,22,8,15,19,0,3,27,40
Crystal Palace,2,0.7,0.3,0.66,3,5,2,22,1,3,370,24,12,13,34,0,20,14,58
Leicester City,2,0.9,0.51,0.8,3,13,2,6,4,8,626,16,15,28,54,4,12,33,56
Newcastle Utd,1,0.4,0.21,0.72,3,8,2,10,6,1,362,15,5,17,64,4,7,16,53
Southampton,2,1.5,0.48,0.77,4,12,3,13,5,8,539,22,8,14,25,0,10,22,53
Manchester City,3,2.3,0.74,0.87,5,16,6,14,5,8,860,13,2,14,28,4,2,21,45
West Ham,3,3.4,0.45,0.79,9,14,2,16,7,9,547,16,11,18,28,2,11,15,56
Everton,0,1.0,0.63,0.8,0,12,1,21,6,19,671,13,2,30,22,1,4,29,51
Manchester Utd,1,1.3,0.64,0.86,1,8,1,10,6,8,799,23,7,15,23,1,3,15,62
Leicester City,1,0.8,0.5,0.77,4,13,4,15,5,7,613,26,10,14,29,3,9,21,61
Crystal Palace,0,0.2,0.56,0.79,4,6,2,11,4,6,667,20,7,19,41,1,9,35,63
Tottenham,2,0.3,0.44,0.83,2,3,6,6,2,3,628,15,3,6,23,1,11,17,49
Bournemouth,2,1.3,0.37,0.72,3,11,6,16,5,10,447,14,11,20,27,2,11,14,72
Watford,0,1.0,0.56,0.74,2,8,1,12,7,12,579,29,12,26,21,1,9,38,66
West Ham,1,0.8,0.43,0.74,3,8,3,12,6,8,543,21,11,16,30,4,14,21,68
Newcastle Utd,1,0.7,0.37,0.78,3,12,5,14,5,13,466,18,9,9,21,1,6,14,60
Burnley,1,1.3,0.33,0.66,4,17,7,17,7,19,411,18,6,19,34,1,6,14,57
Liverpool,2,1.4,0.63,0.78,5,15,2,9,9,15,699,4,8,20,32,1,10,30,65
Chelsea,0,0.8,0.54,0.83,7,18,1,16,5,11,681,20,8,5,9,0,2,23,35
Wolves,0,0.6,0.31,0.69,2,7,1,14,3,1,474,25,10,19,37,1,14,32,61
Arsenal,1,1.0,0.61,0.85,2,7,2,7,3,10,779,12,6,11,35,3,8,30,52
Aston Villa,1,0.6,0.3,0.77,4,7,4,11,0,5,417,25,8,10,40,0,13,9,55
Everton,0,1.0,0.65,0.79,2,10,2,13,2,15,703,17,8,18,24,0,5,39,65
Southampton,0,0.8,0.54,0.69,3,12,1,14,7,9,557,11,6,25,55,1,11,34,100
Manchester City,5,3.1,0.57,0.88,8,13,3,15,1,8,678,26,5,16,27,3,5,14,44
Brighton,3,0.7,0.5,0.8,3,4,3,11,2,9,594,17,13,18,38,3,8,19,79
Sheffield Utd,1,1.0,0.47,0.77,3,8,2,21,4,12,593,17,15,18,18,0,7,28,80
